pattern,membership_queries,equivalence_queries
a,18,2
b,18,2
(a*),5,1
(b*),5,1
(a|a),18,2
(a|b),18,2
(b|a),18,2
(b|b),18,2
(aa),39,3
(ab),39,3
(ba),39,3
(bb),39,3
((a|a)*),5,1
((a|b)*),3,1
((b|a)*),3,1
((b|b)*),5,1
(a|(a|a)),18,2
(a|(a|b)),18,2
(a|(b|a)),18,2
(a|(b|b)),18,2
(b|(a|a)),18,2
(b|(a|b)),18,2
(b|(b|a)),18,2
(b|(b|b)),18,2
((a*)|(a*)),5,1
((a*)|(b*)),33,3
((b*)|(a*)),33,3
((b*)|(b*)),5,1
(a(a*)),18,2
(a(b*)),18,2
(b(a*)),18,2
(b(b*)),18,2
((a*)a),18,2
((a*)b),18,2
((b*)a),18,2
((b*)b),18,2
((aa)*),18,2
((ab)*),18,2
(a|(a*)),5,1
(a|(b*)),33,3
(b|(a*)),33,3
(b|(b*)),5,1
((a*)(a*)),5,1
((a*)(b*)),14,2
((b*)(a*)),14,2
((b*)(b*)),5,1
((a|(a|a))*),5,1
((a|(a|b))*),3,1
((a|(b|a))*),3,1
((a|(b|b))*),3,1
((b|(a|a))*),3,1
((b|(a|b))*),3,1
((b|(b|a))*),3,1
((b|(b|b))*),5,1
(((a*)|(a*))*),5,1
(((a*)|(b*))*),3,1
(((b*)|(a*))*),3,1
(((b*)|(b*))*),5,1
((a(a*))*),5,1
((a(b*))*),18,2
((b(a*))*),18,2
((b(b*))*),5,1
(((a*)a)*),5,1
(((a*)b)*),5,1
(((b*)a)*),5,1
(((b*)b)*),5,1
(a|(a|(a|a))),18,2
(a|(a|(a|b))),18,2
(a|(a|(b|a))),18,2
(a|(a|(b|b))),18,2
(a|(b|(a|a))),18,2
(a|(b|(a|b))),18,2
(a|(b|(b|a))),18,2
(a|(b|(b|b))),18,2
(b|(a|(a|a))),18,2
(b|(a|(a|b))),18,2
(b|(a|(b|a))),18,2
(b|(a|(b|b))),18,2
(b|(b|(a|a))),18,2
(b|(b|(a|b))),18,2
(b|(b|(b|a))),18,2
(b|(b|(b|b))),18,2
((a|a)a),39,3
((a|a)b),39,3
((a|b)a),45,3
((a|b)b),39,3
((b|a)a),45,3
((b|a)b),39,3
((b|b)a),39,3
((b|b)b),39,3
(a(a|a)),39,3
(a(a|b)),39,3
(a(b|a)),39,3
(a(b|b)),39,3
(b(a|a)),39,3
(b(a|b)),39,3
(b(b|a)),39,3
(b(b|b)),39,3
(a(aa)),68,3
(a(ab)),68,3
(a(ba)),68,3
(a(bb)),68,3
(b(aa)),68,3
(b(ab)),68,3
(b(ba)),68,3
(b(bb)),68,3
((a|(a*))*),5,1
((a|(b*))*),3,1
((b|(a*))*),3,1
((b|(b*))*),5,1
(((a*)(a*))*),5,1
(((a*)(b*))*),3,1
(((b*)(a*))*),3,1
(((b*)(b*))*),5,1
(a|(a|(a*))),5,1
(a|(a|(b*))),33,3
(a|(b|(a*))),33,3
(a|(b|(b*))),33,3
(a|(aa)),22,2
(a|(ab)),39,3
(a|(ba)),33,2
(a|(bb)),39,3
(b|(a|(a*))),33,3
(b|(a|(b*))),33,3
(b|(b|(a*))),33,3
(b|(b|(b*))),5,1
(b|(aa)),39,3
(b|(ab)),45,3
(b|(ba)),39,3
(b|(bb)),22,2
(((a|a)*)|(a*)),5,1
(((a|a)*)|(b*)),33,3
(((a|b)*)|(a*)),3,1
(((a|b)*)|(b*)),3,1
(((b|a)*)|(a*)),3,1
(((b|a)*)|(b*)),3,1
(((b|b)*)|(a*)),33,3
(((b|b)*)|(b*)),5,1
((a*)|((a|a)*)),5,1
((a*)|((a|b)*)),3,1
((a*)|((b|a)*)),3,1
((a*)|((b|b)*)),33,3
((a*)|(a*)|(a*)),5,1
((a*)|(a*)|(b*)),33,3
((a*)|(b*)|(a*)),33,3
((a*)|(b*)|(b*)),33,3
((b*)|((a|a)*)),33,3
((b*)|((a|b)*)),3,1
((b*)|((b|a)*)),3,1
((b*)|((b|b)*)),5,1
((b*)|(a*)|(a*)),33,3
((b*)|(a*)|(b*)),33,3
((b*)|(b*)|(a*)),33,3
((b*)|(b*)|(b*)),5,1
((a|a)(a*)),18,2
((a|a)(b*)),18,2
((a|b)(a*)),18,2
((a|b)(b*)),18,2
((b|a)(a*)),18,2
((b|a)(b*)),18,2
((b|b)(a*)),18,2
((b|b)(b*)),18,2
(a((a|a)*)),18,2
(a((a|b)*)),18,2
(a((b|a)*)),18,2
(a((b|b)*)),18,2
(b((a|a)*)),18,2
(b((a|b)*)),18,2
(b((b|a)*)),18,2
(b((b|b)*)),18,2
(((a|a)*)a),18,2
(((a|a)*)b),18,2
(((a|b)*)a),5,1
(((a|b)*)b),5,1
(((b|a)*)a),5,1
(((b|a)*)b),5,1
(((b|b)*)a),18,2
(((b|b)*)b),18,2
((a*)(a|a)),18,2
((a*)(a|b)),18,2
((a*)(b|a)),18,2
((a*)(b|b)),18,2
((b*)(a|a)),18,2
((b*)(a|b)),22,2
((b*)(b|a)),22,2
((b*)(b|b)),18,2
(a(a(a*))),39,3
(a(a(b*))),39,3
(a(b(a*))),39,3
(a(b(b*))),39,3
(a((a*)a)),39,3
(a((a*)b)),39,3
(a((b*)a)),39,3
(a((b*)b)),39,3
(b(a(a*))),39,3
(b(a(b*))),39,3
(b(b(a*))),39,3
(b(b(b*))),39,3
(b((a*)a)),39,3
(b((a*)b)),39,3
(b((b*)a)),39,3
(b((b*)b)),39,3
((a*)(aa)),39,3
((a*)(ab)),39,3
((a*)(ba)),39,3
((a*)(bb)),39,3
((b*)(aa)),39,3
((b*)(ab)),39,3
((b*)(ba)),39,3
((b*)(bb)),39,3
((a|(a|(a|a)))*),5,1
((a|(a|(a|b)))*),3,1
((a|(a|(b|a)))*),3,1
((a|(a|(b|b)))*),3,1
((a|(b|(a|a)))*),3,1
((a|(b|(a|b)))*),3,1
((a|(b|(b|a)))*),3,1
((a|(b|(b|b)))*),3,1
((b|(a|(a|a)))*),3,1
((b|(a|(a|b)))*),3,1
((b|(a|(b|a)))*),3,1
((b|(a|(b|b)))*),3,1
((b|(b|(a|a)))*),3,1
((b|(b|(a|b)))*),3,1
((b|(b|(b|a)))*),3,1
((b|(b|(b|b)))*),5,1
(((a|a)a)*),18,2
(((a|a)b)*),18,2
(((a|b)a)*),22,2
(((a|b)b)*),22,2
(((b|a)a)*),22,2
(((b|a)b)*),22,2
((a(a|a))*),18,2
((a(a|b))*),18,2
((a(b|a))*),18,2
((a(b|b))*),18,2
(a|(a|(a|(a|a)))),18,2
(a|(a|(a|(a|b)))),18,2
(a|(a|(a|(b|a)))),18,2
(a|(a|(a|(b|b)))),18,2
(a|(a|(b|(a|a)))),18,2
(a|(a|(b|(a|b)))),18,2
(a|(a|(b|(b|a)))),18,2
(a|(a|(b|(b|b)))),18,2
(a|(b|(a|(a|a)))),18,2
(a|(b|(a|(a|b)))),18,2
(a|(b|(a|(b|a)))),18,2
(a|(b|(a|(b|b)))),18,2
(a|(b|(b|(a|a)))),18,2
(a|(b|(b|(a|b)))),18,2
(a|(b|(b|(b|a)))),18,2
(a|(b|(b|(b|b)))),18,2
(a|(a(a*))),18,2
(a|(a(b*))),18,2
(a|(b(a*))),22,2
(a|(b(b*))),22,2
(a|((a*)a)),18,2
(a|((a*)b)),33,2
(a|((b*)a)),18,2
(a|((b*)b)),22,2
(a|((a|a)*)),5,1
(a|((a|b)*)),3,1
(a|((b|a)*)),3,1
(a|((b|b)*)),33,3
(a|(a*)|(a*)),5,1
(a|(a*)|(b*)),33,3
(a|(b*)|(a*)),33,3
(a|(b*)|(b*)),33,3
(b|(a|(a|(a|a)))),18,2
(b|(a|(a|(a|b)))),18,2
(b|(a|(a|(b|a)))),18,2
(b|(a|(a|(b|b)))),18,2
(b|(a|(b|(a|a)))),18,2
(b|(a|(b|(a|b)))),18,2
(b|(a|(b|(b|a)))),18,2
(b|(a|(b|(b|b)))),18,2
(b|(b|(a|(a|a)))),18,2
(b|(b|(a|(a|b)))),18,2
(b|(b|(a|(b|a)))),18,2
(b|(b|(a|(b|b)))),18,2
(b|(b|(b|(a|a)))),18,2
(b|(b|(b|(a|b)))),18,2
(b|(b|(b|(b|a)))),18,2
(b|(b|(b|(b|b)))),18,2
(b|(a(a*))),18,2
(b|(a(b*))),27,2
(b|(b(a*))),18,2
(b|(b(b*))),18,2
(b|((a*)a)),18,2
(b|((a*)b)),18,2
(b|((b*)a)),45,3
(b|((b*)b)),18,2
(b|((a|a)*)),33,3
(b|((a|b)*)),3,1
(b|((b|a)*)),3,1
(b|((b|b)*)),5,1
(b|(a*)|(a*)),33,3
(b|(a*)|(b*)),33,3
(b|(b*)|(a*)),33,3
(b|(b*)|(b*)),5,1
((aa)|(a*)),5,1
((aa)|(b*)),60,3
((ab)|(a*)),60,3
((ab)|(b*)),45,3
((ba)|(a*)),51,3
((ba)|(b*)),60,3
((bb)|(a*)),60,3
((bb)|(b*)),5,1
((a*)|((aa)*)),5,1
((a*)|((ab)*)),68,3
((a*)|((ba)*)),51,3
((a*)|((bb)*)),60,3
((b*)|((aa)*)),60,3
((b*)|((ab)*)),45,3
((b*)|((ba)*)),68,3
((b*)|((bb)*)),5,1
(((aa)*)|(a*)),5,1
(((aa)*)|(b*)),60,3
(((ab)*)|(a*)),68,3
(((ab)*)|(b*)),45,3
(((ba)*)|(a*)),51,3
(((ba)*)|(b*)),68,3
(((bb)*)|(a*)),60,3
(((bb)*)|(b*)),5,1
((a|(a|a))a),39,3
((a|(a|a))b),39,3
((a|(a|b))a),45,3
((a|(a|b))b),39,3
((a|(b|a))a),45,3
((a|(b|a))b),39,3
((a|(b|b))a),45,3
((a|(b|b))b),39,3
((b|(a|a))a),45,3
((b|(a|a))b),39,3
((b|(a|b))a),45,3
((b|(a|b))b),39,3
((b|(b|a))a),45,3
((b|(b|a))b),39,3
((b|(b|b))a),39,3
((b|(b|b))b),39,3
(((a*)|(a*))a),18,2
(((a*)|(a*))b),18,2
(((a*)|(b*))a),33,2
(((a*)|(b*))b),33,2
(((b*)|(a*))a),33,2
(((b*)|(a*))b),33,2
(((b*)|(b*))a),18,2
(((b*)|(b*))b),18,2
(a(a|(a|a))),39,3
(a(a|(a|b))),39,3
(a(a|(b|a))),39,3
(a(a|(b|b))),39,3
(a(b|(a|a))),39,3
(a(b|(a|b))),39,3
(a(b|(b|a))),39,3
(a(b|(b|b))),39,3
(a((a*)|(a*))),18,2
(a((a*)|(b*))),45,3
(a((b*)|(a*))),45,3
(a((b*)|(b*))),18,2
(a((aa)*)),18,2
(a((ab)*)),39,3
(a((ba)*)),18,2
(a((bb)*)),39,3
(b(a|(a|a))),39,3
(b(a|(a|b))),39,3
(b(a|(b|a))),39,3
(b(a|(b|b))),39,3
(b(b|(a|a))),39,3
(b(b|(a|b))),39,3
(b(b|(b|a))),39,3
(b(b|(b|b))),39,3
(b((a*)|(a*))),18,2
(b((a*)|(b*))),45,3
(b((b*)|(a*))),45,3
(b((b*)|(b*))),18,2
(b((aa)*)),39,3
(b((ab)*)),18,2
(b((ba)*)),39,3
(b((bb)*)),18,2
(((a|a)*)(a*)),5,1
(((a|a)*)(b*)),14,2
(((a|b)*)(a*)),3,1
(((a|b)*)(b*)),3,1
(((b|a)*)(a*)),3,1
(((b|a)*)(b*)),3,1
(((b|b)*)(a*)),14,2
(((b|b)*)(b*)),5,1
((a*)((a|a)*)),5,1
((a*)((a|b)*)),3,1
((a*)((b|a)*)),3,1
((a*)((b|b)*)),14,2
((b*)((a|a)*)),14,2
((b*)((a|b)*)),3,1
((b*)((b|a)*)),3,1
((b*)((b|b)*)),5,1
(((aa)*)a),18,2
(((aa)*)b),27,2
(((ab)*)a),18,2
(((ab)*)b),45,3
(((ba)*)a),45,3
(((ba)*)b),18,2
(((bb)*)a),27,2
(((bb)*)b),18,2
(a((a*)(a*))),18,2
(a((a*)(b*))),22,2
(a((b*)(a*))),39,3
(a((b*)(b*))),18,2
(b((a*)(a*))),18,2
(b((a*)(b*))),39,3
(b((b*)(a*))),22,2
(b((b*)(b*))),18,2
((a*)(a(a*))),18,2
((a*)(a(b*))),22,2
((a*)(b(a*))),18,2
((a*)(b(b*))),18,2
((a*)((a*)a)),18,2
((a*)((a*)b)),18,2
((a*)((b*)a)),33,2
((a*)((b*)b)),18,2
((b*)(a(a*))),18,2
((b*)(a(b*))),18,2
((b*)(b(a*))),22,2
((b*)(b(b*))),18,2
((b*)((a*)a)),18,2
((b*)((a*)b)),33,2
((b*)((b*)a)),18,2
((b*)((b*)b)),18,2
((a|(a|(a*)))*),5,1
((a|(a|(b*)))*),3,1
((a|(b|(a*)))*),3,1
((a|(b|(b*)))*),3,1
((a|(aa))*),5,1
((a|(ab))*),18,2
((a|(ba))*),18,2
((a|(bb))*),18,2
((b|(a|(a*)))*),3,1
((b|(a|(b*)))*),3,1
((b|(b|(a*)))*),3,1
((b|(b|(b*)))*),5,1
((b|(aa))*),18,2
((b|(ab))*),18,2
((b|(ba))*),18,2
((b|(bb))*),5,1
((((a|a)*)|(a*))*),5,1
((((a|a)*)|(b*))*),3,1
((((a|b)*)|(a*))*),3,1
((((a|b)*)|(b*))*),3,1
((((b|a)*)|(a*))*),3,1
((((b|a)*)|(b*))*),3,1
((((b|b)*)|(a*))*),3,1
((((b|b)*)|(b*))*),5,1
(((a*)|((a|a)*))*),5,1
(((a*)|((a|b)*))*),3,1
(((a*)|((b|a)*))*),3,1
(((a*)|((b|b)*))*),3,1
(((a*)|(a*)|(a*))*),5,1
(((a*)|(a*)|(b*))*),3,1
(((a*)|(b*)|(a*))*),3,1
(((a*)|(b*)|(b*))*),3,1
(((b*)|((a|a)*))*),3,1
(((b*)|((a|b)*))*),3,1
(((b*)|((b|a)*))*),3,1
(((b*)|((b|b)*))*),5,1
(((b*)|(a*)|(a*))*),3,1
(((b*)|(a*)|(b*))*),3,1
(((b*)|(b*)|(a*))*),3,1
(((b*)|(b*)|(b*))*),5,1
(((a|a)(a*))*),5,1
(((a|a)(b*))*),18,2
(((a|b)(a*))*),3,1
(((a|b)(b*))*),3,1
(((b|a)(a*))*),3,1
(((b|a)(b*))*),3,1
(((b|b)(a*))*),18,2
(((b|b)(b*))*),5,1
((a((a|a)*))*),5,1
((a((a|b)*))*),18,2
((a((b|a)*))*),18,2
((a((b|b)*))*),18,2
((b((a|a)*))*),18,2
((b((a|b)*))*),18,2
((b((b|a)*))*),18,2
((b((b|b)*))*),5,1
((((a|a)*)a)*),5,1
((((a|a)*)b)*),5,1
((((a|b)*)a)*),5,1
((((a|b)*)b)*),5,1
((((b|a)*)a)*),5,1
((((b|a)*)b)*),5,1
((((b|b)*)a)*),5,1
((((b|b)*)b)*),5,1
(((a*)(a|a))*),5,1
(((a*)(a|b))*),3,1
(((a*)(b|a))*),3,1
(((a*)(b|b))*),5,1
(((b*)(a|a))*),5,1
(((b*)(a|b))*),3,1
(((b*)(b|a))*),3,1
(((b*)(b|b))*),5,1
((a(a(a*)))*),22,2
((a(a(b*)))*),39,3
((a(b(a*)))*),39,3
((a(b(b*)))*),22,2
((a((a*)a))*),22,2
((a((a*)b))*),18,2
((a((b*)a))*),18,2
((a((b*)b))*),22,2
(((a*)(aa))*),22,2
(((a*)(ab))*),18,2
(((b*)(aa))*),45,3
(((b*)(ab))*),45,3
(a|(a|(a|(a*)))),5,1
(a|(a|(a|(b*)))),33,3
(a|(a|(b|(a*)))),33,3
(a|(a|(b|(b*)))),33,3
(a|(a|(aa))),22,2
(a|(a|(ab))),39,3
(a|(a|(ba))),33,2
(a|(a|(bb))),39,3
(a|(b|(a|(a*)))),33,3
(a|(b|(a|(b*)))),33,3
(a|(b|(b|(a*)))),33,3
(a|(b|(b|(b*)))),33,3
(a|(b|(aa))),18,2
(a|(b|(ab))),27,2
(a|(b|(ba))),22,2
(a|(b|(bb))),22,2
(a|((a*)(a*))),5,1
(a|((a*)(b*))),14,2
(a|((b*)(a*))),14,2
(a|((b*)(b*))),33,3
(a|((aa)*)),33,2
(a|((ab)*)),33,2
(a|((ba)*)),45,3
(a|((bb)*)),60,3
(b|(a|(a|(a*)))),33,3
(b|(a|(a|(b*)))),33,3
(b|(a|(b|(a*)))),33,3
(b|(a|(b|(b*)))),33,3
(b|(a|(aa))),18,2
(b|(a|(ab))),27,2
(b|(a|(ba))),22,2
(b|(a|(bb))),22,2
(b|(b|(a|(a*)))),33,3
(b|(b|(a|(b*)))),33,3
(b|(b|(b|(a*)))),33,3
(b|(b|(b|(b*)))),5,1
(b|(b|(aa))),39,3
(b|(b|(ab))),45,3
(b|(b|(ba))),39,3
(b|(b|(bb))),22,2
(b|((a*)(a*))),33,3
(b|((a*)(b*))),14,2
(b|((b*)(a*))),14,2
(b|((b*)(b*))),5,1
(b|((aa)*)),60,3
(b|((ab)*)),45,3
(b|((ba)*)),33,2
(b|((bb)*)),33,2
((a(a*))|(a*)),5,1
((a(a*))|(b*)),33,3
((a(b*))|(a*)),60,3
((a(b*))|(b*)),14,2
((b(a*))|(a*)),14,2
((b(a*))|(b*)),60,3
((b(b*))|(a*)),33,3
((b(b*))|(b*)),5,1
(((a*)a)|(a*)),5,1
(((a*)a)|(b*)),33,3
(((a*)b)|(a*)),14,2
(((a*)b)|(b*)),45,3
(((b*)a)|(a*)),45,3
(((b*)a)|(b*)),14,2
(((b*)b)|(a*)),33,3
(((b*)b)|(b*)),5,1
(((a|(a|a))*)|(a*)),5,1
(((a|(a|a))*)|(b*)),33,3
(((a|(a|b))*)|(a*)),3,1
(((a|(a|b))*)|(b*)),3,1
(((a|(b|a))*)|(a*)),3,1
(((a|(b|a))*)|(b*)),3,1
(((a|(b|b))*)|(a*)),3,1
(((a|(b|b))*)|(b*)),3,1
(((b|(a|a))*)|(a*)),3,1
(((b|(a|a))*)|(b*)),3,1
(((b|(a|b))*)|(a*)),3,1
(((b|(a|b))*)|(b*)),3,1
(((b|(b|a))*)|(a*)),3,1
(((b|(b|a))*)|(b*)),3,1
(((b|(b|b))*)|(a*)),33,3
(((b|(b|b))*)|(b*)),5,1
((((a*)|(a*))*)|(a*)),5,1
((((a*)|(a*))*)|(b*)),33,3
((((a*)|(b*))*)|(a*)),3,1
((((a*)|(b*))*)|(b*)),3,1
((((b*)|(a*))*)|(a*)),3,1
((((b*)|(a*))*)|(b*)),3,1
((((b*)|(b*))*)|(a*)),33,3
((((b*)|(b*))*)|(b*)),5,1
((a*)|((a|(a|a))*)),5,1
((a*)|((a|(a|b))*)),3,1
((a*)|((a|(b|a))*)),3,1
((a*)|((a|(b|b))*)),3,1
((a*)|((b|(a|a))*)),3,1
((a*)|((b|(a|b))*)),3,1
((a*)|((b|(b|a))*)),3,1
((a*)|((b|(b|b))*)),33,3
((a*)|(((a*)|(a*))*)),5,1
((a*)|(((a*)|(b*))*)),3,1
((a*)|(((b*)|(a*))*)),3,1
((a*)|(((b*)|(b*))*)),33,3
((a*)|((a(a*))*)),5,1
((a*)|((a(b*))*)),18,2
((a*)|((b(a*))*)),39,3
((a*)|((b(b*))*)),33,3
((a*)|(((a*)a)*)),5,1
((a*)|(((a*)b)*)),14,2
((a*)|(((b*)a)*)),5,1
((a*)|(((b*)b)*)),33,3
((b*)|((a|(a|a))*)),33,3
((b*)|((a|(a|b))*)),3,1
((b*)|((a|(b|a))*)),3,1
((b*)|((a|(b|b))*)),3,1
((b*)|((b|(a|a))*)),3,1
((b*)|((b|(a|b))*)),3,1
((b*)|((b|(b|a))*)),3,1
((b*)|((b|(b|b))*)),5,1
((b*)|(((a*)|(a*))*)),33,3
((b*)|(((a*)|(b*))*)),3,1
((b*)|(((b*)|(a*))*)),3,1
((b*)|(((b*)|(b*))*)),5,1
((b*)|((a(a*))*)),33,3
((b*)|((a(b*))*)),39,3
((b*)|((b(a*))*)),18,2
((b*)|((b(b*))*)),5,1
((b*)|(((a*)a)*)),33,3
((b*)|(((a*)b)*)),5,1
((b*)|(((b*)a)*)),14,2
((b*)|(((b*)b)*)),5,1
(((a(a*))*)|(a*)),5,1
(((a(a*))*)|(b*)),33,3
(((a(b*))*)|(a*)),18,2
(((a(b*))*)|(b*)),39,3
(((b(a*))*)|(a*)),39,3
(((b(a*))*)|(b*)),18,2
(((b(b*))*)|(a*)),33,3
(((b(b*))*)|(b*)),5,1
((((a*)a)*)|(a*)),5,1
((((a*)a)*)|(b*)),33,3
((((a*)b)*)|(a*)),14,2
((((a*)b)*)|(b*)),5,1
((((b*)a)*)|(a*)),5,1
((((b*)a)*)|(b*)),14,2
((((b*)b)*)|(a*)),33,3
((((b*)b)*)|(b*)),5,1
((a|a)(a|a)),39,3
((a|a)(a|b)),39,3
((a|a)(b|a)),39,3
((a|a)(b|b)),39,3
((a|b)(a|a)),45,3
((a|b)(a|b)),51,3
((a|b)(b|a)),51,3
((a|b)(b|b)),39,3
((a|(a|a))(a*)),18,2
((a|(a|a))(b*)),18,2
((a|(a|b))(a*)),18,2
((a|(a|b))(b*)),18,2
((a|(b|a))(a*)),18,2
((a|(b|a))(b*)),18,2
((a|(b|b))(a*)),18,2
((a|(b|b))(b*)),18,2
((a|(a*))a),18,2
((a|(a*))b),18,2
((a|(b*))a),45,3
((a|(b*))b),33,2
((b|a)(a|a)),45,3
((b|a)(a|b)),51,3
((b|a)(b|a)),51,3
((b|a)(b|b)),39,3
((b|b)(a|a)),39,3
((b|b)(a|b)),39,3
((b|b)(b|a)),39,3
((b|b)(b|b)),39,3
((b|(a|a))(a*)),18,2
((b|(a|a))(b*)),18,2
((b|(a|b))(a*)),18,2
((b|(a|b))(b*)),18,2
((b|(b|a))(a*)),18,2
((b|(b|a))(b*)),18,2
((b|(b|b))(a*)),18,2
((b|(b|b))(b*)),18,2
((b|(a*))a),39,2
((b|(a*))b),33,2
((b|(b*))a),18,2
((b|(b*))b),18,2
(((a*)|(a*))(a*)),5,1
(((a*)|(a*))(b*)),14,2
(((a*)|(b*))(a*)),14,2
(((a*)|(b*))(b*)),14,2
(((b*)|(a*))(a*)),14,2
(((b*)|(a*))(b*)),14,2
(((b*)|(b*))(a*)),14,2
(((b*)|(b*))(b*)),5,1
(a(a|(a*))),18,2
(a(a|(b*))),45,3
(a(b|(a*))),45,3
(a(b|(b*))),18,2
(a((a|(a|a))*)),18,2
(a((a|(a|b))*)),18,2
(a((a|(b|a))*)),18,2
(a((a|(b|b))*)),18,2
(a((b|(a|a))*)),18,2
(a((b|(a|b))*)),18,2
(a((b|(b|a))*)),18,2
(a((b|(b|b))*)),18,2
(a(((a*)|(a*))*)),18,2
(a(((a*)|(b*))*)),18,2
(a(((b*)|(a*))*)),18,2
(a(((b*)|(b*))*)),18,2
(a((a(a*))*)),18,2
(a((a(b*))*)),39,3
(a((b(a*))*)),22,2
(a((b(b*))*)),18,2
(a(((a*)a)*)),18,2
(a(((a*)b)*)),39,3
(a(((b*)a)*)),45,3
(a(((b*)b)*)),18,2
(b(a|(a*))),18,2
(b(a|(b*))),45,3
(b(b|(a*))),45,3
(b(b|(b*))),18,2
(b((a|(a|a))*)),18,2
(b((a|(a|b))*)),18,2
(b((a|(b|a))*)),18,2
(b((a|(b|b))*)),18,2
(b((b|(a|a))*)),18,2
(b((b|(a|b))*)),18,2
(b((b|(b|a))*)),18,2
(b((b|(b|b))*)),18,2
(b(((a*)|(a*))*)),18,2
(b(((a*)|(b*))*)),18,2
(b(((b*)|(a*))*)),18,2
(b(((b*)|(b*))*)),18,2
(b((a(a*))*)),18,2
(b((a(b*))*)),22,2
(b((b(a*))*)),39,3
(b((b(b*))*)),18,2
(b(((a*)a)*)),18,2
(b(((a*)b)*)),45,3
(b(((b*)a)*)),39,3
(b(((b*)b)*)),18,2
(((a|(a|a))*)a),18,2
(((a|(a|a))*)b),18,2
(((a|(a|b))*)a),5,1
(((a|(a|b))*)b),5,1
(((a|(b|a))*)a),5,1
(((a|(b|a))*)b),5,1
(((a|(b|b))*)a),5,1
(((a|(b|b))*)b),5,1
(((b|(a|a))*)a),5,1
(((b|(a|a))*)b),5,1
(((b|(a|b))*)a),5,1
(((b|(a|b))*)b),5,1
(((b|(b|a))*)a),5,1
(((b|(b|a))*)b),5,1
(((b|(b|b))*)a),18,2
(((b|(b|b))*)b),18,2
((a*)(a|(a|a))),18,2
((a*)(a|(a|b))),18,2
((a*)(a|(b|a))),18,2
((a*)(a|(b|b))),18,2
((a*)(b|(a|a))),18,2
((a*)(b|(a|b))),18,2
((a*)(b|(b|a))),18,2
((a*)(b|(b|b))),18,2
((a*)((a*)|(a*))),5,1
((a*)((a*)|(b*))),14,2
((a*)((b*)|(a*))),14,2
((a*)((b*)|(b*))),14,2
((a*)((aa)*)),5,1
((a*)((ab)*)),33,2
((a*)((ba)*)),22,2
((a*)((bb)*)),39,3
((b*)(a|(a|a))),18,2
((b*)(a|(a|b))),22,2
((b*)(a|(b|a))),22,2
((b*)(a|(b|b))),22,2
((b*)(b|(a|a))),22,2
((b*)(b|(a|b))),22,2
((b*)(b|(b|a))),22,2
((b*)(b|(b|b))),18,2
((b*)((a*)|(a*))),14,2
((b*)((a*)|(b*))),14,2
((b*)((b*)|(a*))),14,2
((b*)((b*)|(b*))),5,1
((b*)((aa)*)),27,2
((b*)((ab)*)),18,2
((b*)((ba)*)),33,2
((b*)((bb)*)),5,1
(((aa)*)(a*)),5,1
(((aa)*)(b*)),45,3
(((ab)*)(a*)),45,3
(((ab)*)(b*)),33,2
(((a(a*))*)a),18,2
(((a(a*))*)b),18,2
(((a(b*))*)a),45,3
(((a(b*))*)b),39,2
(((ba)*)(a*)),45,3
(((ba)*)(b*)),45,3
(((bb)*)(a*)),33,2
(((bb)*)(b*)),5,1
(((b(a*))*)a),39,2
(((b(a*))*)b),45,3
(((b(b*))*)a),18,2
(((b(b*))*)b),18,2
((((a*)a)*)a),18,2
((((a*)a)*)b),18,2
((((a*)b)*)a),18,2
((((a*)b)*)b),18,2
((((b*)a)*)a),18,2
((((b*)a)*)b),18,2
((((b*)b)*)a),18,2
((((b*)b)*)b),18,2
((a|a)(aa)),68,3
((a|a)(ab)),68,3
((a|a)(ba)),68,3
((a|a)(bb)),68,3
((a|b)(aa)),68,3
((a|b)(ab)),76,3
((a|b)(ba)),68,3
((a|b)(bb)),76,3
((b|a)(aa)),68,3
((b|a)(ab)),76,3
((b|a)(ba)),68,3
((b|a)(bb)),76,3
((b|b)(aa)),68,3
((b|b)(ab)),68,3
((b|b)(ba)),68,3
((b|b)(bb)),68,3
(a((a|a)a)),68,3
(a((a|a)b)),68,3
(a((a|b)a)),68,3
(a((a|b)b)),68,3
(a((b|a)a)),68,3
(a((b|a)b)),68,3
(a((b|b)a)),68,3
(a((b|b)b)),68,3
(a(a(a|a))),68,3
(a(a(a|b))),68,3
(a(a(b|a))),68,3
(a(a(b|b))),68,3
(a(b(a|a))),68,3
(a(b(a|b))),68,3
(a(b(b|a))),68,3
(a(b(b|b))),68,3
(a(a(aa))),105,3
(a(a(ab))),105,3
(a(a(ba))),105,3
(a(a(bb))),105,3
(a(b(aa))),105,3
(a(b(ab))),105,3
(a(b(ba))),105,3
(a(b(bb))),105,3
(b((a|a)a)),68,3
(b((a|a)b)),68,3
(b((a|b)a)),68,3
(b((a|b)b)),68,3
(b((b|a)a)),68,3
(b((b|a)b)),68,3
(b((b|b)a)),68,3
(b((b|b)b)),68,3
(b(a(a|a))),68,3
(b(a(a|b))),68,3
(b(a(b|a))),68,3
(b(a(b|b))),68,3
(b(b(a|a))),68,3
(b(b(a|b))),68,3
(b(b(b|a))),68,3
(b(b(b|b))),68,3
(b(a(aa))),105,3
(b(a(ab))),105,3
(b(a(ba))),105,3
(b(a(bb))),105,3
(b(b(aa))),105,3
(b(b(ab))),105,3
(b(b(ba))),105,3
(b(b(bb))),105,3
((a*)((a*)(a*))),5,1
((a*)((a*)(b*))),14,2
((a*)((b*)(a*))),27,2
((a*)((b*)(b*))),14,2
((b*)((a*)(a*))),14,2
((b*)((a*)(b*))),27,2
((b*)((b*)(a*))),14,2
((b*)((b*)(b*))),5,1
((a|(a|(a|(a|a))))*),5,1
((a|(a|(a|(a|b))))*),3,1
((a|(a|(a|(b|a))))*),3,1
((a|(a|(a|(b|b))))*),3,1
((a|(a|(b|(a|a))))*),3,1
((a|(a|(b|(a|b))))*),3,1
((a|(a|(b|(b|a))))*),3,1
((a|(a|(b|(b|b))))*),3,1
((a|(b|(a|(a|a))))*),3,1
((a|(b|(a|(a|b))))*),3,1
((a|(b|(a|(b|a))))*),3,1
((a|(b|(a|(b|b))))*),3,1
((a|(b|(b|(a|a))))*),3,1
((a|(b|(b|(a|b))))*),3,1
((a|(b|(b|(b|a))))*),3,1
((a|(b|(b|(b|b))))*),3,1
((a|(a(a*)))*),5,1
((a|(a(b*)))*),18,2
((a|(b(a*)))*),3,1
((a|(b(b*)))*),3,1
((a|((a*)a))*),5,1
((a|((a*)b))*),3,1
((a|((b*)a))*),5,1
((a|((b*)b))*),3,1
((a|((a|a)*))*),5,1
((a|((a|b)*))*),3,1
((a|((b|a)*))*),3,1
((a|((b|b)*))*),3,1
((a|(a*)|(a*))*),5,1
((a|(a*)|(b*))*),3,1
((a|(b*)|(a*))*),3,1
((a|(b*)|(b*))*),3,1
((b|(a|(a|(a|a))))*),3,1
((b|(a|(a|(a|b))))*),3,1
((b|(a|(a|(b|a))))*),3,1
((b|(a|(a|(b|b))))*),3,1
((b|(a|(b|(a|a))))*),3,1
((b|(a|(b|(a|b))))*),3,1
((b|(a|(b|(b|a))))*),3,1
((b|(a|(b|(b|b))))*),3,1
((b|(b|(a|(a|a))))*),3,1
((b|(b|(a|(a|b))))*),3,1
((b|(b|(a|(b|a))))*),3,1
((b|(b|(a|(b|b))))*),3,1
((b|(b|(b|(a|a))))*),3,1
((b|(b|(b|(a|b))))*),3,1
((b|(b|(b|(b|a))))*),3,1
((b|(b|(b|(b|b))))*),5,1
((b|(a(a*)))*),3,1
((b|(a(b*)))*),3,1
((b|(b(a*)))*),18,2
((b|(b(b*)))*),5,1
((b|((a*)a))*),3,1
((b|((a*)b))*),5,1
((b|((b*)a))*),3,1
((b|((b*)b))*),5,1
((b|((a|a)*))*),3,1
((b|((a|b)*))*),3,1
((b|((b|a)*))*),3,1
((b|((b|b)*))*),5,1
((b|(a*)|(a*))*),3,1
((b|(a*)|(b*))*),3,1
((b|(b*)|(a*))*),3,1
((b|(b*)|(b*))*),5,1
(((aa)|(a*))*),5,1
(((aa)|(b*))*),18,2
(((ab)|(a*))*),18,2
(((ab)|(b*))*),18,2
(((ba)|(a*))*),18,2
(((ba)|(b*))*),18,2
(((bb)|(a*))*),18,2
(((bb)|(b*))*),5,1
(((a*)|((aa)*))*),5,1
(((a*)|((ab)*))*),18,2
(((a*)|((ba)*))*),18,2
(((a*)|((bb)*))*),18,2
(((b*)|((aa)*))*),18,2
(((b*)|((ab)*))*),18,2
(((b*)|((ba)*))*),22,2
(((b*)|((bb)*))*),5,1
((((aa)*)|(a*))*),5,1
((((aa)*)|(b*))*),18,2
((((ab)*)|(a*))*),26,2
((((ab)*)|(b*))*),18,2
((((ba)*)|(a*))*),18,2
((((ba)*)|(b*))*),18,2
((((bb)*)|(a*))*),18,2
((((bb)*)|(b*))*),5,1
(((a|(a|a))a)*),18,2
(((a|(a|a))b)*),18,2
(((a|(a|b))a)*),22,2
(((a|(a|b))b)*),22,2
(((a|(b|a))a)*),22,2
(((a|(b|a))b)*),22,2
(((a|(b|b))a)*),22,2
(((a|(b|b))b)*),22,2
(((b|(a|a))a)*),22,2
(((b|(a|a))b)*),22,2
(((b|(a|b))a)*),22,2
(((b|(a|b))b)*),22,2
(((b|(b|a))a)*),22,2
(((b|(b|a))b)*),22,2
((((a*)|(a*))a)*),5,1
((((a*)|(a*))b)*),5,1
((((a*)|(b*))a)*),5,1
((((a*)|(b*))b)*),5,1
((((b*)|(a*))a)*),5,1
((((b*)|(a*))b)*),5,1
((((b*)|(b*))a)*),5,1
((((b*)|(b*))b)*),5,1
((a(a|(a|a)))*),18,2
((a(a|(a|b)))*),18,2
((a(a|(b|a)))*),18,2
((a(a|(b|b)))*),18,2
((a(b|(a|a)))*),18,2
((a(b|(a|b)))*),18,2
((a(b|(b|a)))*),18,2
((a(b|(b|b)))*),18,2
((a((a*)|(a*)))*),5,1
((a((a*)|(b*)))*),18,2
((a((b*)|(a*)))*),18,2
((a((b*)|(b*)))*),18,2
((a((aa)*))*),5,1
((a((ab)*))*),33,2
((a((ba)*))*),33,2
((a((bb)*))*),33,2
((b((a*)|(a*)))*),18,2
((b((a*)|(b*)))*),18,2
((b((b*)|(a*)))*),18,2
((b((b*)|(b*)))*),5,1
((b((aa)*))*),33,2
((b((ab)*))*),33,2
((b((ba)*))*),33,2
((b((bb)*))*),5,1
((((a|a)*)(a*))*),5,1
((((a|a)*)(b*))*),3,1
((((a|b)*)(a*))*),3,1
((((a|b)*)(b*))*),3,1
((((b|a)*)(a*))*),3,1
((((b|a)*)(b*))*),3,1
((((b|b)*)(a*))*),3,1
((((b|b)*)(b*))*),5,1
(((a*)((a|a)*))*),5,1
(((a*)((a|b)*))*),3,1
(((a*)((b|a)*))*),3,1
(((a*)((b|b)*))*),3,1
(((b*)((a|a)*))*),3,1
(((b*)((a|b)*))*),3,1
(((b*)((b|a)*))*),3,1
(((b*)((b|b)*))*),5,1
((((aa)*)a)*),5,1
((((aa)*)b)*),45,3
((((ab)*)a)*),33,2
((((ab)*)b)*),45,3
((((ba)*)a)*),45,3
((((ba)*)b)*),33,2
((((bb)*)a)*),45,3
((((bb)*)b)*),5,1
((a((a*)(a*)))*),5,1
((a((a*)(b*)))*),18,2
((a((b*)(a*)))*),18,2
((a((b*)(b*)))*),18,2
((b((a*)(a*)))*),18,2
((b((a*)(b*)))*),18,2
((b((b*)(a*)))*),18,2
((b((b*)(b*)))*),5,1
(((a*)(a(a*)))*),5,1
(((a*)(a(b*)))*),18,2
(((a*)(b(a*)))*),18,2
(((a*)(b(b*)))*),5,1
(((a*)((a*)a))*),5,1
(((a*)((a*)b))*),5,1
(((a*)((b*)a))*),5,1
(((a*)((b*)b))*),5,1
(((b*)(a(a*)))*),5,1
(((b*)(a(b*)))*),18,2
(((b*)(b(a*)))*),18,2
(((b*)(b(b*)))*),5,1
(((b*)((a*)a))*),5,1
(((b*)((a*)b))*),5,1
(((b*)((b*)a))*),5,1
(((b*)((b*)b))*),5,1
(a|(a|(a|(a|(a|a))))),18,2
(a|(a|(a|(a|(a|b))))),18,2
(a|(a|(a|(a|(b|a))))),18,2
(a|(a|(a|(a|(b|b))))),18,2
(a|(a|(a|(b|(a|a))))),18,2
(a|(a|(a|(b|(a|b))))),18,2
(a|(a|(a|(b|(b|a))))),18,2
(a|(a|(a|(b|(b|b))))),18,2
(a|(a|(b|(a|(a|a))))),18,2
(a|(a|(b|(a|(a|b))))),18,2
(a|(a|(b|(a|(b|a))))),18,2
(a|(a|(b|(a|(b|b))))),18,2
(a|(a|(b|(b|(a|a))))),18,2
(a|(a|(b|(b|(a|b))))),18,2
(a|(a|(b|(b|(b|a))))),18,2
(a|(a|(b|(b|(b|b))))),18,2
(a|(a|(a(a*)))),18,2
(a|(a|(a(b*)))),18,2
(a|(a|(b(a*)))),22,2
(a|(a|(b(b*)))),22,2
(a|(a|((a*)a))),18,2
(a|(a|((a*)b))),33,2
(a|(a|((b*)a))),18,2
(a|(a|((b*)b))),22,2
(a|(a|((a|a)*))),5,1
(a|(a|((a|b)*))),3,1
(a|(a|((b|a)*))),3,1
(a|(a|((b|b)*))),33,3
(a|(a|(a*)|(a*))),5,1
(a|(a|(a*)|(b*))),33,3
(a|(a|(b*)|(a*))),33,3
(a|(a|(b*)|(b*))),33,3
(a|(b|(a|(a|(a|a))))),18,2
(a|(b|(a|(a|(a|b))))),18,2
(a|(b|(a|(a|(b|a))))),18,2
(a|(b|(a|(a|(b|b))))),18,2
(a|(b|(a|(b|(a|a))))),18,2
(a|(b|(a|(b|(a|b))))),18,2
(a|(b|(a|(b|(b|a))))),18,2
(a|(b|(a|(b|(b|b))))),18,2
(a|(b|(b|(a|(a|a))))),18,2
(a|(b|(b|(a|(a|b))))),18,2
(a|(b|(b|(a|(b|a))))),18,2
(a|(b|(b|(a|(b|b))))),18,2
(a|(b|(b|(b|(a|a))))),18,2
(a|(b|(b|(b|(a|b))))),18,2
(a|(b|(b|(b|(b|a))))),18,2
(a|(b|(b|(b|(b|b))))),18,2
(a|(b|(a(a*)))),18,2
(a|(b|(a(b*)))),27,2
(a|(b|(b(a*)))),22,2
(a|(b|(b(b*)))),22,2
(a|(b|((a*)a))),18,2
(a|(b|((a*)b))),33,2
(a|(b|((b*)a))),45,3
(a|(b|((b*)b))),22,2
(a|(b|((a|a)*))),33,3
(a|(b|((a|b)*))),3,1
(a|(b|((b|a)*))),3,1
(a|(b|((b|b)*))),33,3
(a|(b|(a*)|(a*))),33,3
(a|(b|(a*)|(b*))),33,3
(a|(b|(b*)|(a*))),33,3
(a|(b|(b*)|(b*))),33,3
(a|((a|a)a)),22,2
(a|((a|a)b)),39,3
(a|((a|b)a)),39,2
(a|((a|b)b)),33,2
(a|((b|a)a)),39,2
(a|((b|a)b)),33,2
(a|((b|b)a)),33,2
(a|((b|b)b)),39,3
(a|(a(a|a))),22,2
(a|(a(a|b))),22,2
(a|(a(b|a))),22,2
(a|(a(b|b))),39,3
(a|(b(a|a))),33,2
(a|(b(a|b))),39,3
(a|(b(b|a))),39,3
(a|(b(b|b))),39,3
(a|(a(aa))),68,3
(a|(a(ab))),52,3
(a|(a(ba))),68,3
(a|(a(bb))),52,3
(a|(b(aa))),60,3
(a|(b(ab))),60,3
(a|(b(ba))),68,3
(a|(b(bb))),52,3
(a|((a|(a|a))*)),5,1
(a|((a|(a|b))*)),3,1
(a|((a|(b|a))*)),3,1
(a|((a|(b|b))*)),3,1
(a|((b|(a|a))*)),3,1
(a|((b|(a|b))*)),3,1
(a|((b|(b|a))*)),3,1
(a|((b|(b|b))*)),33,3
(a|(((a*)|(a*))*)),5,1
(a|(((a*)|(b*))*)),3,1
(a|(((b*)|(a*))*)),3,1
(a|(((b*)|(b*))*)),33,3
(a|((a(a*))*)),5,1
(a|((a(b*))*)),18,2
(a|((b(a*))*)),39,3
(a|((b(b*))*)),33,3
(a|(((a*)a)*)),5,1
(a|(((a*)b)*)),14,2
(a|(((b*)a)*)),5,1
(a|(((b*)b)*)),33,3
(b|(a|(a|(a|(a|a))))),18,2
(b|(a|(a|(a|(a|b))))),18,2
(b|(a|(a|(a|(b|a))))),18,2
(b|(a|(a|(a|(b|b))))),18,2
(b|(a|(a|(b|(a|a))))),18,2
(b|(a|(a|(b|(a|b))))),18,2
(b|(a|(a|(b|(b|a))))),18,2
(b|(a|(a|(b|(b|b))))),18,2
(b|(a|(b|(a|(a|a))))),18,2
(b|(a|(b|(a|(a|b))))),18,2
(b|(a|(b|(a|(b|a))))),18,2
(b|(a|(b|(a|(b|b))))),18,2
(b|(a|(b|(b|(a|a))))),18,2
(b|(a|(b|(b|(a|b))))),18,2
(b|(a|(b|(b|(b|a))))),18,2
(b|(a|(b|(b|(b|b))))),18,2
(b|(a|(a(a*)))),18,2
(b|(a|(a(b*)))),27,2
(b|(a|(b(a*)))),22,2
(b|(a|(b(b*)))),22,2
(b|(a|((a*)a))),18,2
(b|(a|((a*)b))),33,2
(b|(a|((b*)a))),45,3
(b|(a|((b*)b))),22,2
(b|(a|((a|a)*))),33,3
(b|(a|((a|b)*))),3,1
(b|(a|((b|a)*))),3,1
(b|(a|((b|b)*))),33,3
(b|(a|(a*)|(a*))),33,3
(b|(a|(a*)|(b*))),33,3
(b|(a|(b*)|(a*))),33,3
(b|(a|(b*)|(b*))),33,3
(b|(b|(a|(a|(a|a))))),18,2
(b|(b|(a|(a|(a|b))))),18,2
(b|(b|(a|(a|(b|a))))),18,2
(b|(b|(a|(a|(b|b))))),18,2
(b|(b|(a|(b|(a|a))))),18,2
(b|(b|(a|(b|(a|b))))),18,2
(b|(b|(a|(b|(b|a))))),18,2
(b|(b|(a|(b|(b|b))))),18,2
(b|(b|(b|(a|(a|a))))),18,2
(b|(b|(b|(a|(a|b))))),18,2
(b|(b|(b|(a|(b|a))))),18,2
(b|(b|(b|(a|(b|b))))),18,2
(b|(b|(b|(b|(a|a))))),18,2
(b|(b|(b|(b|(a|b))))),18,2
(b|(b|(b|(b|(b|a))))),18,2
(b|(b|(b|(b|(b|b))))),18,2
(b|(b|(a(a*)))),18,2
(b|(b|(a(b*)))),27,2
(b|(b|(b(a*)))),18,2
(b|(b|(b(b*)))),18,2
(b|(b|((a*)a))),18,2
(b|(b|((a*)b))),18,2
(b|(b|((b*)a))),45,3
(b|(b|((b*)b))),18,2
(b|(b|((a|a)*))),33,3
(b|(b|((a|b)*))),3,1
(b|(b|((b|a)*))),3,1
(b|(b|((b|b)*))),5,1
(b|(b|(a*)|(a*))),33,3
(b|(b|(a*)|(b*))),33,3
(b|(b|(b*)|(a*))),33,3
(b|(b|(b*)|(b*))),5,1
(b|((a|a)a)),39,3
(b|((a|a)b)),45,3
(b|((a|b)a)),39,3
(b|((a|b)b)),33,2
(b|((b|a)a)),39,3
(b|((b|a)b)),33,2
(b|((b|b)a)),39,3
(b|((b|b)b)),22,2
(b|(a(a|a))),39,3
(b|(a(a|b))),39,3
(b|(a(b|a))),39,3
(b|(a(b|b))),45,3
(b|(b(a|a))),39,3
(b|(b(a|b))),22,2
(b|(b(b|a))),22,2
(b|(b(b|b))),22,2
(b|(a(aa))),52,3
(b|(a(ab))),68,3
(b|(a(ba))),60,3
(b|(a(bb))),60,3
(b|(b(aa))),52,3
(b|(b(ab))),68,3
(b|(b(ba))),52,3
(b|(b(bb))),68,3
(b|((a|(a|a))*)),33,3
(b|((a|(a|b))*)),3,1
(b|((a|(b|a))*)),3,1
(b|((a|(b|b))*)),3,1
(b|((b|(a|a))*)),3,1
(b|((b|(a|b))*)),3,1
(b|((b|(b|a))*)),3,1
(b|((b|(b|b))*)),5,1
(b|(((a*)|(a*))*)),33,3
(b|(((a*)|(b*))*)),3,1
(b|(((b*)|(a*))*)),3,1
(b|(((b*)|(b*))*)),5,1
(b|((a(a*))*)),33,3
(b|((a(b*))*)),39,3
(b|((b(a*))*)),18,2
(b|((b(b*))*)),5,1
(b|(((a*)a)*)),33,3
(b|(((a*)b)*)),5,1
(b|(((b*)a)*)),14,2
(b|(((b*)b)*)),5,1
((aa)|(aa)),39,3
((aa)|(ab)),39,3
((aa)|(ba)),45,3
((aa)|(bb)),68,4
((ab)|(aa)),39,3
((ab)|(ab)),39,3
((ab)|(ba)),68,4
((ab)|(bb)),39,3
((ba)|(aa)),45,3
((ba)|(ab)),68,4
((ba)|(ba)),39,3
((ba)|(bb)),39,3
((bb)|(aa)),68,4
((bb)|(ab)),39,3
((bb)|(ba)),39,3
((bb)|(bb)),39,3
(((a*)(a*))|(a*)),5,1
(((a*)(a*))|(b*)),33,3
(((a*)(b*))|(a*)),14,2
(((a*)(b*))|(b*)),14,2
(((b*)(a*))|(a*)),14,2
(((b*)(a*))|(b*)),14,2
(((b*)(b*))|(a*)),33,3
(((b*)(b*))|(b*)),5,1
(((a|a)*)|((a|a)*)),5,1
(((a|a)*)|((a|b)*)),3,1
(((a|a)*)|((b|a)*)),3,1
(((a|a)*)|((b|b)*)),33,3
(((a|a)*)|(a*)|(a*)),5,1
(((a|a)*)|(a*)|(b*)),33,3
(((a|a)*)|(b*)|(a*)),33,3
(((a|a)*)|(b*)|(b*)),33,3
(((a|b)*)|((a|a)*)),3,1
(((a|b)*)|((a|b)*)),3,1
(((a|b)*)|((b|a)*)),3,1
(((a|b)*)|((b|b)*)),3,1
(((a|b)*)|(a*)|(a*)),3,1
(((a|b)*)|(a*)|(b*)),3,1
(((a|b)*)|(b*)|(a*)),3,1
(((a|b)*)|(b*)|(b*)),3,1
(((a|(a*))*)|(a*)),5,1
(((a|(a*))*)|(b*)),33,3
(((a|(b*))*)|(a*)),3,1
(((a|(b*))*)|(b*)),3,1
(((b|a)*)|((a|a)*)),3,1
(((b|a)*)|((a|b)*)),3,1
(((b|a)*)|((b|a)*)),3,1
(((b|a)*)|((b|b)*)),3,1
(((b|a)*)|(a*)|(a*)),3,1
(((b|a)*)|(a*)|(b*)),3,1
(((b|a)*)|(b*)|(a*)),3,1
(((b|a)*)|(b*)|(b*)),3,1
(((b|b)*)|((a|a)*)),33,3
(((b|b)*)|((a|b)*)),3,1
(((b|b)*)|((b|a)*)),3,1
(((b|b)*)|((b|b)*)),5,1
(((b|b)*)|(a*)|(a*)),33,3
(((b|b)*)|(a*)|(b*)),33,3
(((b|b)*)|(b*)|(a*)),33,3
(((b|b)*)|(b*)|(b*)),5,1
(((b|(a*))*)|(a*)),3,1
(((b|(a*))*)|(b*)),3,1
(((b|(b*))*)|(a*)),33,3
(((b|(b*))*)|(b*)),5,1
((a*)|((a|(a*))*)),5,1
((a*)|((a|(b*))*)),3,1
((a*)|((b|(a*))*)),3,1
((a*)|((b|(b*))*)),33,3
((a*)|(((a*)(a*))*)),5,1
((a*)|(((a*)(b*))*)),3,1
((a*)|(((b*)(a*))*)),3,1
((a*)|(((b*)(b*))*)),33,3
((a*)|((a|a)*)|(a*)),5,1
((a*)|((a|a)*)|(b*)),33,3
((a*)|((a|b)*)|(a*)),3,1
((a*)|((a|b)*)|(b*)),3,1
((a*)|((b|a)*)|(a*)),3,1
((a*)|((b|a)*)|(b*)),3,1
((a*)|((b|b)*)|(a*)),33,3
((a*)|((b|b)*)|(b*)),33,3
((a*)|(a*)|((a|a)*)),5,1
((a*)|(a*)|((a|b)*)),3,1
((a*)|(a*)|((b|a)*)),3,1
((a*)|(a*)|((b|b)*)),33,3
((a*)|(a*)|(a*)|(a*)),5,1
((a*)|(a*)|(a*)|(b*)),33,3
((a*)|(a*)|(b*)|(a*)),33,3
((a*)|(a*)|(b*)|(b*)),33,3
((a*)|(b*)|((a|a)*)),33,3
((a*)|(b*)|((a|b)*)),3,1
((a*)|(b*)|((b|a)*)),3,1
((a*)|(b*)|((b|b)*)),33,3
((a*)|(b*)|(a*)|(a*)),33,3
((a*)|(b*)|(a*)|(b*)),33,3
((a*)|(b*)|(b*)|(a*)),33,3
((a*)|(b*)|(b*)|(b*)),33,3
((b*)|((a|(a*))*)),33,3
((b*)|((a|(b*))*)),3,1
((b*)|((b|(a*))*)),3,1
((b*)|((b|(b*))*)),5,1
((b*)|(((a*)(a*))*)),33,3
((b*)|(((a*)(b*))*)),3,1
((b*)|(((b*)(a*))*)),3,1
((b*)|(((b*)(b*))*)),5,1
((b*)|((a|a)*)|(a*)),33,3
((b*)|((a|a)*)|(b*)),33,3
((b*)|((a|b)*)|(a*)),3,1
((b*)|((a|b)*)|(b*)),3,1
((b*)|((b|a)*)|(a*)),3,1
((b*)|((b|a)*)|(b*)),3,1
((b*)|((b|b)*)|(a*)),33,3
((b*)|((b|b)*)|(b*)),5,1
((b*)|(a*)|((a|a)*)),33,3
((b*)|(a*)|((a|b)*)),3,1
((b*)|(a*)|((b|a)*)),3,1
((b*)|(a*)|((b|b)*)),33,3
((b*)|(a*)|(a*)|(a*)),33,3
((b*)|(a*)|(a*)|(b*)),33,3
((b*)|(a*)|(b*)|(a*)),33,3
((b*)|(a*)|(b*)|(b*)),33,3
((b*)|(b*)|((a|a)*)),33,3
((b*)|(b*)|((a|b)*)),3,1
((b*)|(b*)|((b|a)*)),3,1
((b*)|(b*)|((b|b)*)),5,1
((b*)|(b*)|(a*)|(a*)),33,3
((b*)|(b*)|(a*)|(b*)),33,3
((b*)|(b*)|(b*)|(a*)),33,3
((b*)|(b*)|(b*)|(b*)),5,1
((((a*)(a*))*)|(a*)),5,1
((((a*)(a*))*)|(b*)),33,3
((((a*)(b*))*)|(a*)),3,1
((((a*)(b*))*)|(b*)),3,1
((((b*)(a*))*)|(a*)),3,1
((((b*)(a*))*)|(b*)),3,1
((((b*)(b*))*)|(a*)),33,3
((((b*)(b*))*)|(b*)),5,1
((a|a)((a|a)*)),18,2
((a|a)((a|b)*)),18,2
((a|a)((b|a)*)),18,2
((a|a)((b|b)*)),18,2
((a|b)((a|a)*)),18,2
((a|b)((a|b)*)),5,1
((a|b)((b|a)*)),5,1
((a|b)((b|b)*)),18,2
((a|(a|(a|a)))a),39,3
((a|(a|(a|a)))b),39,3
((a|(a|(a|b)))a),45,3
((a|(a|(a|b)))b),39,3
((a|(a|(b|a)))a),45,3
((a|(a|(b|a)))b),39,3
((a|(a|(b|b)))a),45,3
((a|(a|(b|b)))b),39,3
((a|(b|(a|a)))a),45,3
((a|(b|(a|a)))b),39,3
((a|(b|(a|b)))a),45,3
((a|(b|(a|b)))b),39,3
((a|(b|(b|a)))a),45,3
((a|(b|(b|a)))b),39,3
((a|(b|(b|b)))a),45,3
((a|(b|(b|b)))b),39,3
((a|(a*))(a*)),5,1
((a|(a*))(b*)),14,2
((a|(b*))(a*)),14,2
((a|(b*))(b*)),14,2
((b|a)((a|a)*)),18,2
((b|a)((a|b)*)),5,1
((b|a)((b|a)*)),5,1
((b|a)((b|b)*)),18,2
((b|b)((a|a)*)),18,2
((b|b)((a|b)*)),18,2
((b|b)((b|a)*)),18,2
((b|b)((b|b)*)),18,2
((b|(a|(a|a)))a),45,3
((b|(a|(a|a)))b),39,3
((b|(a|(a|b)))a),45,3
((b|(a|(a|b)))b),39,3
((b|(a|(b|a)))a),45,3
((b|(a|(b|a)))b),39,3
((b|(a|(b|b)))a),45,3
((b|(a|(b|b)))b),39,3
((b|(b|(a|a)))a),45,3
((b|(b|(a|a)))b),39,3
((b|(b|(a|b)))a),45,3
((b|(b|(a|b)))b),39,3
((b|(b|(b|a)))a),45,3
((b|(b|(b|a)))b),39,3
((b|(b|(b|b)))a),39,3
((b|(b|(b|b)))b),39,3
((b|(a*))(a*)),14,2
((b|(a*))(b*)),14,2
((b|(b*))(a*)),14,2
((b|(b*))(b*)),5,1
(a(a|(a|(a|a)))),39,3
(a(a|(a|(a|b)))),39,3
(a(a|(a|(b|a)))),39,3
(a(a|(a|(b|b)))),39,3
(a(a|(b|(a|a)))),39,3
(a(a|(b|(a|b)))),39,3
(a(a|(b|(b|a)))),39,3
(a(a|(b|(b|b)))),39,3
(a(b|(a|(a|a)))),39,3
(a(b|(a|(a|b)))),39,3
(a(b|(a|(b|a)))),39,3
(a(b|(a|(b|b)))),39,3
(a(b|(b|(a|a)))),39,3
(a(b|(b|(a|b)))),39,3
(a(b|(b|(b|a)))),39,3
(a(b|(b|(b|b)))),39,3
(a((a|(a*))*)),18,2
(a((a|(b*))*)),18,2
(a((b|(a*))*)),18,2
(a((b|(b*))*)),18,2
(a(((a*)(a*))*)),18,2
(a(((a*)(b*))*)),18,2
(a(((b*)(a*))*)),18,2
(a(((b*)(b*))*)),18,2
(b(a|(a|(a|a)))),39,3
(b(a|(a|(a|b)))),39,3
(b(a|(a|(b|a)))),39,3
(b(a|(a|(b|b)))),39,3
(b(a|(b|(a|a)))),39,3
(b(a|(b|(a|b)))),39,3
(b(a|(b|(b|a)))),39,3
(b(a|(b|(b|b)))),39,3
(b(b|(a|(a|a)))),39,3
(b(b|(a|(a|b)))),39,3
(b(b|(a|(b|a)))),39,3
(b(b|(a|(b|b)))),39,3
(b(b|(b|(a|a)))),39,3
(b(b|(b|(a|b)))),39,3
(b(b|(b|(b|a)))),39,3
(b(b|(b|(b|b)))),39,3
(b((a|(a*))*)),18,2
(b((a|(b*))*)),18,2
(b((b|(a*))*)),18,2
(b((b|(b*))*)),18,2
(b(((a*)(a*))*)),18,2
(b(((a*)(b*))*)),18,2
(b(((b*)(a*))*)),18,2
(b(((b*)(b*))*)),18,2
(((a|a)*)(a|a)),18,2
(((a|a)*)(a|b)),18,2
(((a|a)*)(b|a)),18,2
(((a|a)*)(b|b)),18,2
(((a|b)*)(a|a)),5,1
(((a|b)*)(a|b)),5,1
(((a|b)*)(b|a)),5,1
(((a|b)*)(b|b)),5,1
(((a|(a|a))*)(a*)),5,1
(((a|(a|a))*)(b*)),14,2
(((a|(a|b))*)(a*)),3,1
(((a|(a|b))*)(b*)),3,1
(((a|(b|a))*)(a*)),3,1
(((a|(b|a))*)(b*)),3,1
(((a|(b|b))*)(a*)),3,1
(((a|(b|b))*)(b*)),3,1
(((b|a)*)(a|a)),5,1
(((b|a)*)(a|b)),5,1
(((b|a)*)(b|a)),5,1
(((b|a)*)(b|b)),5,1
(((b|b)*)(a|a)),18,2
(((b|b)*)(a|b)),22,2
(((b|b)*)(b|a)),22,2
(((b|b)*)(b|b)),18,2
(((b|(a|a))*)(a*)),3,1
(((b|(a|a))*)(b*)),3,1
(((b|(a|b))*)(a*)),3,1
(((b|(a|b))*)(b*)),3,1
(((b|(b|a))*)(a*)),3,1
(((b|(b|a))*)(b*)),3,1
(((b|(b|b))*)(a*)),14,2
(((b|(b|b))*)(b*)),5,1
((((b*)|(a*))*)(b*)),3,1
((a*)(a|(a*))),5,1
((a*)(a|(b*))),14,2
((a*)(b|(a*))),14,2
((a*)(b|(b*))),14,2
((a*)((a|(a|a))*)),5,1
((a*)((a|(a|b))*)),3,1
((a*)((a|(b|a))*)),3,1
((a*)((a|(b|b))*)),3,1
((a*)((b|(a|a))*)),3,1
((a*)((b|(a|b))*)),3,1
((a*)((b|(b|a))*)),3,1
((a*)((b|(b|b))*)),14,2
((a*)(((a*)|(a*))*)),5,1
((a*)(((a*)|(b*))*)),3,1
((a*)(((b*)|(a*))*)),3,1
((a*)(((b*)|(b*))*)),14,2
((a*)((a(a*))*)),5,1
((a*)((a(b*))*)),18,2
((a*)((b(a*))*)),3,1
((a*)((b(b*))*)),14,2
((a*)(((a*)a)*)),5,1
((a*)(((a*)b)*)),14,2
((a*)(((b*)a)*)),5,1
((a*)(((b*)b)*)),14,2
((b*)(a|(a*))),14,2
((b*)(a|(b*))),14,2
((b*)(b|(a*))),14,2
((b*)(b|(b*))),5,1
((b*)((a|(a|a))*)),14,2
((b*)((a|(a|b))*)),3,1
((b*)((a|(b|a))*)),3,1
((b*)((a|(b|b))*)),3,1
((b*)((b|(a|a))*)),3,1
((b*)((b|(a|b))*)),3,1
((b*)((b|(b|a))*)),3,1
((b*)((b|(b|b))*)),5,1
((b*)(((a*)|(a*))*)),14,2
((b*)(((a*)|(b*))*)),3,1
((b*)(((b*)|(a*))*)),3,1
((b*)(((b*)|(b*))*)),5,1
((b*)((a(a*))*)),14,2
((b*)((a(b*))*)),3,1
((b*)((b(a*))*)),18,2
((b*)((b(b*))*)),5,1
((b*)(((a*)a)*)),14,2
((b*)(((a*)b)*)),5,1
((b*)(((b*)a)*)),14,2
((b*)(((b*)b)*)),5,1
(((a(a*))*)(a*)),5,1
(((a(a*))*)(b*)),14,2
(((a(b*))*)(a*)),18,2
(((a(b*))*)(b*)),39,3
(((b(a*))*)(a*)),39,3
(((b(a*))*)(b*)),18,2
(((b(b*))*)(a*)),14,2
(((b(b*))*)(b*)),5,1
((((a*)a)*)(a*)),5,1
((((a*)a)*)(b*)),14,2
((((a*)b)*)(a*)),3,1
((((a*)b)*)(b*)),5,1
((((b*)a)*)(a*)),5,1
((((b*)a)*)(b*)),3,1
((((b*)b)*)(a*)),14,2
((((b*)b)*)(b*)),5,1
((a|a)(a(a*))),39,3
((a|a)(a(b*))),39,3
((a|a)(b(a*))),39,3
((a|a)(b(b*))),39,3
((a|a)((a*)a)),39,3
((a|a)((a*)b)),39,3
((a|a)((b*)a)),39,3
((a|a)((b*)b)),39,3
((a|b)(a(a*))),39,3
((a|b)(a(b*))),39,3
((a|b)(b(a*))),45,3
((a|b)(b(b*))),45,3
((a|b)((a*)a)),39,3
((a|b)((a*)b)),51,3
((a|b)((b*)a)),51,3
((a|b)((b*)b)),45,3
((b|a)(a(a*))),39,3
((b|a)(a(b*))),39,3
((b|a)(b(a*))),45,3
((b|a)(b(b*))),45,3
((b|a)((a*)a)),39,3
((b|a)((a*)b)),51,3
((b|a)((b*)a)),51,3
((b|a)((b*)b)),45,3
((b|b)(a(a*))),39,3
((b|b)(a(b*))),39,3
((b|b)(b(a*))),39,3
((b|b)(b(b*))),39,3
((b|b)((a*)a)),39,3
((b|b)((a*)b)),39,3
((b|b)((b*)a)),39,3
((b|b)((b*)b)),39,3
(a((a|a)(a*))),39,3
(a((a|a)(b*))),39,3
(a((a|b)(a*))),39,3
(a((a|b)(b*))),39,3
(a((b|a)(a*))),39,3
(a((b|a)(b*))),39,3
(a((b|b)(a*))),39,3
(a((b|b)(b*))),39,3
(a(a((a|a)*))),39,3
(a(a((a|b)*))),39,3
(a(a((b|a)*))),39,3
(a(a((b|b)*))),39,3
(a(b((a|a)*))),39,3
(a(b((a|b)*))),39,3
(a(b((b|a)*))),39,3
(a(b((b|b)*))),39,3
(a(((a|a)*)a)),39,3
(a(((a|a)*)b)),39,3
(a(((a|b)*)a)),39,3
(a(((a|b)*)b)),39,3
(a(((b|a)*)a)),39,3
(a(((b|a)*)b)),39,3
(a(((b|b)*)a)),39,3
(a(((b|b)*)b)),39,3
(a((a*)(a|a))),39,3
(a((a*)(a|b))),45,3
(a((a*)(b|a))),45,3
(a((a*)(b|b))),39,3
(a((b*)(a|a))),39,3
(a((b*)(a|b))),45,3
(a((b*)(b|a))),45,3
(a((b*)(b|b))),39,3
(a(a(a(a*)))),68,3
(a(a(a(b*)))),68,3
(a(a(b(a*)))),68,3
(a(a(b(b*)))),68,3
(a(a((a*)a))),68,3
(a(a((a*)b))),68,3
(a(a((b*)a))),68,3
(a(a((b*)b))),68,3
(a(b(a(a*)))),68,3
(a(b(a(b*)))),68,3
(a(b(b(a*)))),68,3
(a(b(b(b*)))),68,3
(a(b((a*)a))),68,3
(a(b((a*)b))),68,3
(a(b((b*)a))),68,3
(a(b((b*)b))),68,3
(a((a*)(aa))),68,3
(a((a*)(ab))),68,3
(a((a*)(ba))),68,3
(a((a*)(bb))),68,3
(a((b*)(aa))),68,3
(a((b*)(ab))),68,3
(a((b*)(ba))),68,3
(a((b*)(bb))),68,3
(b((a|a)(a*))),39,3
(b((a|a)(b*))),39,3
(b((a|b)(a*))),39,3
(b((a|b)(b*))),39,3
(b((b|a)(a*))),39,3
(b((b|a)(b*))),39,3
(b((b|b)(a*))),39,3
(b((b|b)(b*))),39,3
(b(a((a|a)*))),39,3
(b(a((a|b)*))),39,3
(b(a((b|a)*))),39,3
(b(a((b|b)*))),39,3
(b(b((a|a)*))),39,3
(b(b((a|b)*))),39,3
(b(b((b|a)*))),39,3
(b(b((b|b)*))),39,3
(b(((a|a)*)a)),39,3
(b(((a|a)*)b)),39,3
(b(((a|b)*)a)),39,3
(b(((a|b)*)b)),39,3
(b(((b|a)*)a)),39,3
(b(((b|a)*)b)),39,3
(b(((b|b)*)a)),39,3
(b(((b|b)*)b)),39,3
(b((a*)(a|a))),39,3
(b((a*)(a|b))),45,3
(b((a*)(b|a))),45,3
(b((a*)(b|b))),39,3
(b((b*)(a|a))),39,3
(b((b*)(a|b))),45,3
(b((b*)(b|a))),45,3
(b((b*)(b|b))),39,3
(b(a(a(a*)))),68,3
(b(a(a(b*)))),68,3
(b(a(b(a*)))),68,3
(b(a(b(b*)))),68,3
(b(a((a*)a))),68,3
(b(a((a*)b))),68,3
(b(a((b*)a))),68,3
(b(a((b*)b))),68,3
(b(b(a(a*)))),68,3
(b(b(a(b*)))),68,3
(b(b(b(a*)))),68,3
(b(b(b(b*)))),68,3
(b(b((a*)a))),68,3
(b(b((a*)b))),68,3
(b(b((b*)a))),68,3
(b(b((b*)b))),68,3
(b((a*)(aa))),68,3
(b((a*)(ab))),68,3
(b((a*)(ba))),68,3
(b((a*)(bb))),68,3
(b((b*)(aa))),68,3
(b((b*)(ab))),68,3
(b((b*)(ba))),68,3
(b((b*)(bb))),68,3
(((a|a)*)(aa)),39,3
(((a|a)*)(ab)),39,3
(((a|a)*)(ba)),39,3
(((a|a)*)(bb)),39,3
(((a|b)*)(aa)),14,2
(((a|b)*)(ab)),14,2
(((a|b)*)(ba)),14,2
(((a|b)*)(bb)),14,2
(((b|a)*)(aa)),14,2
(((b|a)*)(ab)),14,2
(((b|a)*)(ba)),14,2
(((b|a)*)(bb)),14,2
(((b|b)*)(aa)),39,3
(((b|b)*)(ab)),39,3
(((b|b)*)(ba)),39,3
(((b|b)*)(bb)),39,3
((a*)((a|a)a)),39,3
((a*)((a|a)b)),39,3
((a*)((a|b)a)),45,3
((a*)((a|b)b)),45,3
((a*)((b|a)a)),45,3
((a*)((b|a)b)),45,3
((a*)((b|b)a)),39,3
((a*)((b|b)b)),39,3
((a*)(a(a|a))),39,3
((a*)(a(a|b))),45,3
((a*)(a(b|a))),45,3
((a*)(a(b|b))),39,3
((a*)(b(a|a))),39,3
((a*)(b(a|b))),39,3
((a*)(b(b|a))),39,3
((a*)(b(b|b))),39,3
((a*)(a(aa))),68,3
((a*)(a(ab))),68,3
((a*)(a(ba))),68,3
((a*)(a(bb))),68,3
((a*)(b(aa))),68,3
((a*)(b(ab))),68,3
((a*)(b(ba))),68,3
((a*)(b(bb))),68,3
((b*)((a|a)a)),39,3
((b*)((a|a)b)),39,3
((b*)((a|b)a)),45,3
((b*)((a|b)b)),39,3
((b*)((b|a)a)),45,3
((b*)((b|a)b)),39,3
((b*)((b|b)a)),39,3
((b*)((b|b)b)),39,3
((b*)(a(a|a))),39,3
((b*)(a(a|b))),45,3
((b*)(a(b|a))),45,3
((b*)(a(b|b))),39,3
((b*)(b(a|a))),39,3
((b*)(b(a|b))),45,3
((b*)(b(b|a))),45,3
((b*)(b(b|b))),39,3
((b*)(a(aa))),68,3
((b*)(a(ab))),68,3
((b*)(a(ba))),68,3
((b*)(a(bb))),68,3
((b*)(b(aa))),68,3
((b*)(b(ab))),68,3
((b*)(b(ba))),68,3
((b*)(b(bb))),68,3
((a|(a|(a|(a*))))*),5,1
((a|(a|(a|(b*))))*),3,1
((a|(a|(b|(a*))))*),3,1
((a|(a|(b|(b*))))*),3,1
((a|(a|(aa)))*),5,1
((a|(a|(ab)))*),18,2
((a|(a|(ba)))*),18,2
((a|(a|(bb)))*),18,2
((a|(b|(a|(a*))))*),3,1
((a|(b|(a|(b*))))*),3,1
((a|(b|(b|(a*))))*),3,1
((a|(b|(b|(b*))))*),3,1
((a|(b|(aa)))*),3,1
((a|(b|(ab)))*),3,1
((a|(b|(ba)))*),3,1
((a|(b|(bb)))*),3,1
((a|((a*)(a*)))*),5,1
((a|((a*)(b*)))*),3,1
((a|((b*)(a*)))*),3,1
((a|((b*)(b*)))*),3,1
((a|((aa)*))*),5,1
((a|((ab)*))*),18,2
((a|((ba)*))*),18,2
((a|((bb)*))*),18,2
((b|(a|(a|(a*))))*),3,1
((b|(a|(a|(b*))))*),3,1
((b|(a|(b|(a*))))*),3,1
((b|(a|(b|(b*))))*),3,1
((b|(a|(aa)))*),3,1
((b|(a|(ab)))*),3,1
((b|(a|(ba)))*),3,1
((b|(a|(bb)))*),3,1
((b|(b|(a|(a*))))*),3,1
((b|(b|(a|(b*))))*),3,1
((b|(b|(b|(a*))))*),3,1
((b|(b|(b|(b*))))*),5,1
((b|(b|(aa)))*),18,2
((b|(b|(ab)))*),18,2
((b|(b|(ba)))*),18,2
((b|(b|(bb)))*),5,1
((b|((a*)(a*)))*),3,1
((b|((a*)(b*)))*),3,1
((b|((b*)(a*)))*),3,1
((b|((b*)(b*)))*),5,1
((b|((aa)*))*),18,2
((b|((ab)*))*),18,2
((b|((ba)*))*),18,2
((b|((bb)*))*),5,1
(((a(a*))|(a*))*),5,1
(((a(a*))|(b*))*),3,1
(((a(b*))|(a*))*),26,2
(((a(b*))|(b*))*),3,1
(((b(a*))|(a*))*),3,1
(((b(a*))|(b*))*),18,2
(((b(b*))|(a*))*),3,1
(((b(b*))|(b*))*),5,1
((((a*)a)|(a*))*),5,1
((((a*)a)|(b*))*),3,1
((((a*)b)|(a*))*),3,1
((((a*)b)|(b*))*),5,1
((((b*)a)|(a*))*),5,1
((((b*)a)|(b*))*),3,1
((((b*)b)|(a*))*),3,1
((((b*)b)|(b*))*),5,1
((((a|(a|a))*)|(a*))*),5,1
((((a|(a|a))*)|(b*))*),3,1
((((a|(a|b))*)|(a*))*),3,1
((((a|(a|b))*)|(b*))*),3,1
((((a|(b|a))*)|(a*))*),3,1
((((a|(b|a))*)|(b*))*),3,1
((((a|(b|b))*)|(a*))*),3,1
((((a|(b|b))*)|(b*))*),3,1
((((b|(a|a))*)|(a*))*),3,1
((((b|(a|a))*)|(b*))*),3,1
((((b|(a|b))*)|(a*))*),3,1
((((b|(a|b))*)|(b*))*),3,1
((((b|(b|a))*)|(a*))*),3,1
((((b|(b|a))*)|(b*))*),3,1
((((b|(b|b))*)|(a*))*),3,1
((((b|(b|b))*)|(b*))*),5,1
(((((a*)|(a*))*)|(a*))*),5,1
(((((a*)|(a*))*)|(b*))*),3,1
(((((a*)|(b*))*)|(a*))*),3,1
(((((a*)|(b*))*)|(b*))*),3,1
(((((b*)|(a*))*)|(a*))*),3,1
(((((b*)|(a*))*)|(b*))*),3,1
(((((b*)|(b*))*)|(a*))*),3,1
(((((b*)|(b*))*)|(b*))*),5,1
(((a*)|((a|(a|a))*))*),5,1
(((a*)|((a|(a|b))*))*),3,1
(((a*)|((a|(b|a))*))*),3,1
(((a*)|((a|(b|b))*))*),3,1
(((a*)|((b|(a|a))*))*),3,1
(((a*)|((b|(a|b))*))*),3,1
(((a*)|((b|(b|a))*))*),3,1
(((a*)|((b|(b|b))*))*),3,1
(((a*)|(((a*)|(a*))*))*),5,1
(((a*)|(((a*)|(b*))*))*),3,1
(((a*)|(((b*)|(a*))*))*),3,1
(((a*)|(((b*)|(b*))*))*),3,1
(((a*)|((a(a*))*))*),5,1
(((a*)|((a(b*))*))*),26,2
(((a*)|((b(a*))*))*),3,1
(((a*)|((b(b*))*))*),3,1
(((a*)|(((a*)a)*))*),5,1
(((a*)|(((a*)b)*))*),3,1
(((a*)|(((b*)a)*))*),5,1
(((a*)|(((b*)b)*))*),3,1
(((b*)|((a|(a|a))*))*),3,1
(((b*)|((a|(a|b))*))*),3,1
(((b*)|((a|(b|a))*))*),3,1
(((b*)|((a|(b|b))*))*),3,1
(((b*)|((b|(a|a))*))*),3,1
(((b*)|((b|(a|b))*))*),3,1
(((b*)|((b|(b|a))*))*),3,1
(((b*)|((b|(b|b))*))*),5,1
(((b*)|(((a*)|(a*))*))*),3,1
(((b*)|(((a*)|(b*))*))*),3,1
(((b*)|(((b*)|(a*))*))*),3,1
(((b*)|(((b*)|(b*))*))*),5,1
(((b*)|((a(a*))*))*),3,1
(((b*)|((a(b*))*))*),3,1
(((b*)|((b(a*))*))*),22,2
(((b*)|((b(b*))*))*),5,1
(((b*)|(((a*)a)*))*),3,1
(((b*)|(((a*)b)*))*),5,1
(((b*)|(((b*)a)*))*),3,1
(((b*)|(((b*)b)*))*),5,1
((((a(a*))*)|(a*))*),5,1
((((a(a*))*)|(b*))*),3,1
((((a(b*))*)|(a*))*),18,2
((((a(b*))*)|(b*))*),3,1
((((b(a*))*)|(a*))*),3,1
((((b(a*))*)|(b*))*),26,2
((((b(b*))*)|(a*))*),3,1
((((b(b*))*)|(b*))*),5,1
(((((a*)a)*)|(a*))*),5,1
(((((a*)a)*)|(b*))*),3,1
(((((a*)b)*)|(a*))*),3,1
(((((a*)b)*)|(b*))*),5,1
(((((b*)a)*)|(a*))*),5,1
(((((b*)a)*)|(b*))*),3,1
(((((b*)b)*)|(a*))*),3,1
(((((b*)b)*)|(b*))*),5,1
(((a|a)(a|a))*),18,2
(((a|a)(a|b))*),18,2
(((a|a)(b|a))*),18,2
(((a|a)(b|b))*),18,2
(((a|b)(a|a))*),22,2
(((a|b)(a|b))*),5,1
(((a|b)(b|a))*),5,1
(((a|b)(b|b))*),22,2
(((a|(a|a))(a*))*),5,1
(((a|(a|a))(b*))*),18,2
(((a|(a|b))(a*))*),3,1
(((a|(a|b))(b*))*),3,1
(((a|(b|a))(a*))*),3,1
(((a|(b|a))(b*))*),3,1
(((a|(b|b))(a*))*),3,1
(((a|(b|b))(b*))*),3,1
(((a|(a*))a)*),5,1
(((a|(a*))b)*),5,1
(((a|(b*))a)*),5,1
(((a|(b*))b)*),18,2
(((b|a)(a|a))*),22,2
(((b|a)(a|b))*),5,1
(((b|a)(b|a))*),5,1
(((b|a)(b|b))*),22,2
(((b|(a|a))(a*))*),3,1
(((b|(a|a))(b*))*),3,1
(((b|(a|b))(a*))*),3,1
(((b|(a|b))(b*))*),3,1
(((b|(b|a))(a*))*),3,1
(((b|(b|a))(b*))*),3,1
(((b|(b|b))(a*))*),18,2
(((b|(b|b))(b*))*),5,1
(((b|(a*))a)*),18,2
(((b|(a*))b)*),5,1
(((b|(b*))a)*),5,1
(((b|(b*))b)*),5,1
((((a*)|(a*))(a*))*),5,1
((((a*)|(a*))(b*))*),3,1
((((a*)|(b*))(a*))*),3,1
((((a*)|(b*))(b*))*),3,1
((((b*)|(a*))(a*))*),3,1
((((b*)|(a*))(b*))*),3,1
((((b*)|(b*))(a*))*),3,1
((((b*)|(b*))(b*))*),5,1
((a(a|(a*)))*),5,1
((a(a|(b*)))*),18,2
((a(b|(a*)))*),18,2
((a(b|(b*)))*),18,2
((a((a|(a|a))*))*),5,1
((a((a|(a|b))*))*),18,2
((a((a|(b|a))*))*),18,2
((a((a|(b|b))*))*),18,2
((a((b|(a|a))*))*),18,2
((a((b|(a|b))*))*),18,2
((a((b|(b|a))*))*),18,2
((a((b|(b|b))*))*),18,2
((a((a(a*))*))*),5,1
((a((a(b*))*))*),33,2
((a((b(a*))*))*),18,2
((a((b(b*))*))*),18,2
((a(((a*)a)*))*),5,1
((a(((a*)b)*))*),18,2
((a(((b*)a)*))*),33,2
((a(((b*)b)*))*),18,2
((b(a|(a*)))*),18,2
((b(a|(b*)))*),18,2
((b(b|(a*)))*),18,2
((b(b|(b*)))*),5,1
((b((a|(a|a))*))*),18,2
((b((a|(a|b))*))*),18,2
((b((a|(b|a))*))*),18,2
((b((a|(b|b))*))*),18,2
((b((b|(a|a))*))*),18,2
((b((b|(a|b))*))*),18,2
((b((b|(b|a))*))*),18,2
((b((b|(b|b))*))*),5,1
((b((a(a*))*))*),18,2
((b((a(b*))*))*),18,2
((b((b(a*))*))*),33,2
((b((b(b*))*))*),5,1
((b(((a*)a)*))*),18,2
((b(((a*)b)*))*),33,2
((b(((b*)a)*))*),18,2
((b(((b*)b)*))*),5,1
((((a|(a|a))*)a)*),5,1
((((a|(a|a))*)b)*),5,1
((((a|(a|b))*)a)*),5,1
((((a|(a|b))*)b)*),5,1
((((a|(b|a))*)a)*),5,1
((((a|(b|a))*)b)*),5,1
((((a|(b|b))*)a)*),5,1
((((a|(b|b))*)b)*),5,1
((((b|(a|a))*)a)*),5,1
((((b|(a|a))*)b)*),5,1
((((b|(a|b))*)a)*),5,1
((((b|(a|b))*)b)*),5,1
((((b|(b|a))*)a)*),5,1
((((b|(b|a))*)b)*),5,1
((((b|(b|b))*)a)*),5,1
((((b|(b|b))*)b)*),5,1
(((a*)(a|(a|a)))*),5,1
(((a*)(a|(a|b)))*),3,1
(((a*)(a|(b|a)))*),3,1
(((a*)(a|(b|b)))*),3,1
(((a*)(b|(a|a)))*),3,1
(((a*)(b|(a|b)))*),3,1
(((a*)(b|(b|a)))*),3,1
(((a*)(b|(b|b)))*),5,1
(((a*)((a*)|(a*)))*),5,1
(((a*)((a*)|(b*)))*),3,1
(((a*)((b*)|(a*)))*),3,1
(((a*)((b*)|(b*)))*),3,1
(((a*)((aa)*))*),5,1
(((a*)((ab)*))*),18,2
(((a*)((ba)*))*),18,2
(((a*)((bb)*))*),18,2
(((b*)(a|(a|a)))*),5,1
(((b*)(a|(a|b)))*),3,1
(((b*)(a|(b|a)))*),3,1
(((b*)(a|(b|b)))*),3,1
(((b*)(b|(a|a)))*),3,1
(((b*)(b|(a|b)))*),3,1
(((b*)(b|(b|a)))*),3,1
(((b*)(b|(b|b)))*),5,1
(((b*)((a*)|(a*)))*),3,1
(((b*)((a*)|(b*)))*),3,1
(((b*)((b*)|(a*)))*),3,1
(((b*)((b*)|(b*)))*),5,1
(((b*)((aa)*))*),18,2
(((b*)((ab)*))*),18,2
(((b*)((ba)*))*),18,2
(((b*)((bb)*))*),5,1
((((aa)*)(a*))*),5,1
((((aa)*)(b*))*),18,2
((((ab)*)(a*))*),18,2
((((ab)*)(b*))*),18,2
((((a(a*))*)a)*),5,1
((((a(a*))*)b)*),5,1
((((a(b*))*)a)*),33,2
((((a(b*))*)b)*),5,1
((((ba)*)(a*))*),18,2
((((ba)*)(b*))*),18,2
((((bb)*)(a*))*),18,2
((((bb)*)(b*))*),5,1
((((b(a*))*)a)*),5,1
((((b(a*))*)b)*),33,2
((((b(b*))*)a)*),5,1
((((b(b*))*)b)*),5,1
(((((a*)a)*)a)*),5,1
(((((a*)a)*)b)*),5,1
(((((a*)b)*)a)*),5,1
(((((a*)b)*)b)*),18,2
(((((b*)a)*)a)*),18,2
(((((b*)a)*)b)*),5,1
(((((b*)b)*)a)*),5,1
(((((b*)b)*)b)*),5,1
(((a*)((a*)(a*)))*),5,1
(((a*)((a*)(b*)))*),3,1
(((a*)((b*)(a*)))*),3,1
(((a*)((b*)(b*)))*),3,1
(((b*)((a*)(a*)))*),3,1
(((b*)((a*)(b*)))*),3,1
(((b*)((b*)(a*)))*),3,1
(((b*)((b*)(b*)))*),5,1
(a|(a|(a|(a|(a*))))),5,1
(a|(a|(a|(a|(b*))))),33,3
(a|(a|(a|(b|(a*))))),33,3
(a|(a|(a|(b|(b*))))),33,3
(a|(a|(a|(aa)))),22,2
(a|(a|(a|(ab)))),39,3
(a|(a|(a|(ba)))),33,2
(a|(a|(a|(bb)))),39,3
(a|(a|(b|(a|(a*))))),33,3
(a|(a|(b|(a|(b*))))),33,3
(a|(a|(b|(b|(a*))))),33,3
(a|(a|(b|(b|(b*))))),33,3
(a|(a|(b|(aa)))),18,2
(a|(a|(b|(ab)))),27,2
(a|(a|(b|(ba)))),22,2
(a|(a|(b|(bb)))),22,2
(a|(a|((a*)(a*)))),5,1
(a|(a|((a*)(b*)))),14,2
(a|(a|((b*)(a*)))),14,2
(a|(a|((b*)(b*)))),33,3
(a|(a|((aa)*))),33,2
(a|(a|((ab)*))),33,2
(a|(a|((ba)*))),45,3
(a|(a|((bb)*))),60,3
(a|(b|(a|(a|(a*))))),33,3
(a|(b|(a|(a|(b*))))),33,3
(a|(b|(a|(b|(a*))))),33,3
(a|(b|(a|(b|(b*))))),33,3
(a|(b|(a|(aa)))),18,2
(a|(b|(a|(ab)))),27,2
(a|(b|(a|(ba)))),22,2
(a|(b|(a|(bb)))),22,2
(a|(b|(b|(a|(a*))))),33,3
(a|(b|(b|(a|(b*))))),33,3
(a|(b|(b|(b|(a*))))),33,3
(a|(b|(b|(b|(b*))))),33,3
(a|(b|(b|(aa)))),18,2
(a|(b|(b|(ab)))),27,2
(a|(b|(b|(ba)))),22,2
(a|(b|(b|(bb)))),22,2
(a|(b|((a*)(a*)))),33,3
(a|(b|((a*)(b*)))),14,2
(a|(b|((b*)(a*)))),14,2
(a|(b|((b*)(b*)))),33,3
(a|(b|((aa)*))),45,3
(a|(b|((ab)*))),52,3
(a|(b|((ba)*))),68,4
(a|(b|((bb)*))),52,3
(a|((a|a)(a*))),18,2
(a|((a|a)(b*))),18,2
(a|((a|b)(a*))),18,2
(a|((a|b)(b*))),18,2
(a|((b|a)(a*))),18,2
(a|((b|a)(b*))),18,2
(a|((b|b)(a*))),22,2
(a|((b|b)(b*))),22,2
(a|(a((a|a)*))),18,2
(a|(a((a|b)*))),18,2
(a|(a((b|a)*))),18,2
(a|(a((b|b)*))),18,2
(a|(b((a|a)*))),22,2
(a|(b((a|b)*))),22,2
(a|(b((b|a)*))),22,2
(a|(b((b|b)*))),22,2
(a|(((a|a)*)a)),18,2
(a|(((a|a)*)b)),33,2
(a|(((a|b)*)a)),5,1
(a|(((a|b)*)b)),18,2
(a|(((b|a)*)a)),5,1
(a|(((b|a)*)b)),18,2
(a|(((b|b)*)a)),18,2
(a|(((b|b)*)b)),22,2
(a|((a*)(a|a))),18,2
(a|((a*)(a|b))),18,2
(a|((a*)(b|a))),18,2
(a|((a*)(b|b))),33,2
(a|((b*)(a|a))),18,2
(a|((b*)(a|b))),22,2
(a|((b*)(b|a))),22,2
(a|((b*)(b|b))),22,2
(a|(a(a(a*)))),18,2
(a|(a(a(b*)))),22,2
(a|(a(b(a*)))),22,2
(a|(a(b(b*)))),18,2
(a|(a((a*)a))),18,2
(a|(a((a*)b))),39,3
(a|(a((b*)a))),51,3
(a|(a((b*)b))),18,2
(a|(b(a(a*)))),39,2
(a|(b(a(b*)))),60,3
(a|(b(b(a*)))),39,3
(a|(b(b(b*)))),33,2
(a|(b((a*)a))),39,2
(a|(b((a*)b))),39,3
(a|(b((b*)a))),18,2
(a|(b((b*)b))),33,2
(a|((a*)(aa))),18,2
(a|((a*)(ab))),39,3
(a|((a*)(ba))),45,2
(a|((a*)(bb))),60,3
(a|((b*)(aa))),39,2
(a|((b*)(ab))),68,3
(a|((b*)(ba))),18,2
(a|((b*)(bb))),33,2
(a|((aa)|(a*))),5,1
(a|((aa)|(b*))),39,3
(a|((ab)|(a*))),60,3
(a|((ab)|(b*))),68,4
(a|((ba)|(a*))),51,3
(a|((ba)|(b*))),52,3
(a|((bb)|(a*))),60,3
(a|((bb)|(b*))),33,3
(a|((a|(a*))*)),5,1
(a|((a|(b*))*)),3,1
(a|((b|(a*))*)),3,1
(a|((b|(b*))*)),33,3
(a|(((a*)(a*))*)),5,1
(a|(((a*)(b*))*)),3,1
(a|(((b*)(a*))*)),3,1
(a|(((b*)(b*))*)),33,3
(a|((a|a)*)|(a*)),5,1
(a|((a|a)*)|(b*)),33,3
(a|((a|b)*)|(a*)),3,1
(a|((a|b)*)|(b*)),3,1
(a|((b|a)*)|(a*)),3,1
(a|((b|a)*)|(b*)),3,1
(a|((b|b)*)|(a*)),33,3
(a|((b|b)*)|(b*)),33,3
(a|(a*)|((a|a)*)),5,1
(a|(a*)|((a|b)*)),3,1
(a|(a*)|((b|a)*)),3,1
(a|(a*)|((b|b)*)),33,3
(a|(a*)|(a*)|(a*)),5,1
(a|(a*)|(a*)|(b*)),33,3
(a|(a*)|(b*)|(a*)),33,3
(a|(a*)|(b*)|(b*)),33,3
(a|(b*)|((a|a)*)),33,3
(a|(b*)|((a|b)*)),3,1
(a|(b*)|((b|a)*)),3,1
(a|(b*)|((b|b)*)),33,3
(a|(b*)|(a*)|(a*)),33,3
(a|(b*)|(a*)|(b*)),33,3
(a|(b*)|(b*)|(a*)),33,3
(a|(b*)|(b*)|(b*)),33,3
(b|(a|(a|(a|(a*))))),33,3
(b|(a|(a|(a|(b*))))),33,3
(b|(a|(a|(b|(a*))))),33,3
(b|(a|(a|(b|(b*))))),33,3
(b|(a|(a|(aa)))),18,2
(b|(a|(a|(ab)))),27,2
(b|(a|(a|(ba)))),22,2
(b|(a|(a|(bb)))),22,2
(b|(a|(b|(a|(a*))))),33,3
(b|(a|(b|(a|(b*))))),33,3
(b|(a|(b|(b|(a*))))),33,3
(b|(a|(b|(b|(b*))))),33,3
(b|(a|(b|(aa)))),18,2
(b|(a|(b|(ab)))),27,2
(b|(a|(b|(ba)))),22,2
(b|(a|(b|(bb)))),22,2
(b|(a|((a*)(a*)))),33,3
(b|(a|((a*)(b*)))),14,2
(b|(a|((b*)(a*)))),14,2
(b|(a|((b*)(b*)))),33,3
(b|(a|((aa)*))),45,3
(b|(a|((ab)*))),52,3
(b|(a|((ba)*))),68,4
(b|(a|((bb)*))),52,3
(b|(b|(a|(a|(a*))))),33,3
(b|(b|(a|(a|(b*))))),33,3
(b|(b|(a|(b|(a*))))),33,3
(b|(b|(a|(b|(b*))))),33,3
(b|(b|(a|(aa)))),18,2
(b|(b|(a|(ab)))),27,2
(b|(b|(a|(ba)))),22,2
(b|(b|(a|(bb)))),22,2
(b|(b|(b|(a|(a*))))),33,3
(b|(b|(b|(a|(b*))))),33,3
(b|(b|(b|(b|(a*))))),33,3
(b|(b|(b|(b|(b*))))),5,1
(b|(b|(b|(aa)))),39,3
(b|(b|(b|(ab)))),45,3
(b|(b|(b|(ba)))),39,3
(b|(b|(b|(bb)))),22,2
(b|(b|((a*)(a*)))),33,3
(b|(b|((a*)(b*)))),14,2
(b|(b|((b*)(a*)))),14,2
(b|(b|((b*)(b*)))),5,1
(b|(b|((aa)*))),60,3
(b|(b|((ab)*))),45,3
(b|(b|((ba)*))),33,2
(b|(b|((bb)*))),33,2
(b|((a|a)(a*))),18,2
(b|((a|a)(b*))),27,2
(b|((a|b)(a*))),18,2
(b|((a|b)(b*))),18,2
(b|((b|a)(a*))),18,2
(b|((b|a)(b*))),18,2
(b|((b|b)(a*))),18,2
(b|((b|b)(b*))),18,2
(b|(a((a|a)*))),18,2
(b|(a((a|b)*))),18,2
(b|(a((b|a)*))),18,2
(b|(a((b|b)*))),27,2
(b|(b((a|a)*))),18,2
(b|(b((a|b)*))),18,2
(b|(b((b|a)*))),18,2
(b|(b((b|b)*))),18,2
(b|(((a|a)*)a)),18,2
(b|(((a|a)*)b)),18,2
(b|(((a|b)*)a)),18,2
(b|(((a|b)*)b)),5,1
(b|(((b|a)*)a)),18,2
(b|(((b|a)*)b)),5,1
(b|(((b|b)*)a)),45,3
(b|(((b|b)*)b)),18,2
(b|((a*)(a|a))),18,2
(b|((a*)(a|b))),18,2
(b|((a*)(b|a))),18,2
(b|((a*)(b|b))),18,2
(b|((b*)(a|a))),45,3
(b|((b*)(a|b))),22,2
(b|((b*)(b|a))),22,2
(b|((b*)(b|b))),18,2
(b|(a(a(a*)))),39,3
(b|(a(a(b*)))),33,2
(b|(a(b(a*)))),60,3
(b|(a(b(b*)))),39,2
(b|(a((a*)a))),39,3
(b|(a((a*)b))),18,2
(b|(a((b*)a))),39,3
(b|(a((b*)b))),39,2
(b|(b(a(a*)))),18,2
(b|(b(a(b*)))),22,2
(b|(b(b(a*)))),22,2
(b|(b(b(b*)))),18,2
(b|(b((a*)a))),18,2
(b|(b((a*)b))),51,3
(b|(b((b*)a))),39,3
(b|(b((b*)b))),18,2
(b|((a*)(aa))),39,3
(b|((a*)(ab))),18,2
(b|((a*)(ba))),68,3
(b|((a*)(bb))),39,2
(b|((b*)(aa))),60,3
(b|((b*)(ab))),45,2
(b|((b*)(ba))),39,3
(b|((b*)(bb))),18,2
(b|((aa)|(a*))),33,3
(b|((aa)|(b*))),60,3
(b|((ab)|(a*))),52,3
(b|((ab)|(b*))),45,3
(b|((ba)|(a*))),68,4
(b|((ba)|(b*))),60,3
(b|((bb)|(a*))),39,3
(b|((bb)|(b*))),5,1
(b|((a|(a*))*)),33,3
(b|((a|(b*))*)),3,1
(b|((b|(a*))*)),3,1
(b|((b|(b*))*)),5,1
(b|(((a*)(a*))*)),33,3
(b|(((a*)(b*))*)),3,1
(b|(((b*)(a*))*)),3,1
(b|(((b*)(b*))*)),5,1
(b|((a|a)*)|(a*)),33,3
(b|((a|a)*)|(b*)),33,3
(b|((a|b)*)|(a*)),3,1
(b|((a|b)*)|(b*)),3,1
(b|((b|a)*)|(a*)),3,1
(b|((b|a)*)|(b*)),3,1
(b|((b|b)*)|(a*)),33,3
(b|((b|b)*)|(b*)),5,1
(b|(a*)|((a|a)*)),33,3
(b|(a*)|((a|b)*)),3,1
(b|(a*)|((b|a)*)),3,1
(b|(a*)|((b|b)*)),33,3
(b|(a*)|(a*)|(a*)),33,3
(b|(a*)|(a*)|(b*)),33,3
(b|(a*)|(b*)|(a*)),33,3
(b|(a*)|(b*)|(b*)),33,3
(b|(b*)|((a|a)*)),33,3
(b|(b*)|((a|b)*)),3,1
(b|(b*)|((b|a)*)),3,1
(b|(b*)|((b|b)*)),5,1
(b|(b*)|(a*)|(a*)),33,3
(b|(b*)|(a*)|(b*)),33,3
(b|(b*)|(b*)|(a*)),33,3
(b|(b*)|(b*)|(b*)),5,1
(((a|a)a)|(a*)),5,1
(((a|a)a)|(b*)),60,3
(((a|a)b)|(a*)),60,3
(((a|a)b)|(b*)),45,3
(((a|b)a)|(a*)),51,3
(((a|b)a)|(b*)),60,3
(((a|b)b)|(a*)),68,3
(((a|b)b)|(b*)),45,3
(((b|a)a)|(a*)),51,3
(((b|a)a)|(b*)),60,3
(((b|a)b)|(a*)),68,3
(((b|a)b)|(b*)),45,3
(((b|b)a)|(a*)),51,3
(((b|b)a)|(b*)),60,3
(((b|b)b)|(a*)),60,3
(((b|b)b)|(b*)),5,1
((a(a|a))|(a*)),5,1
((a(a|a))|(b*)),68,4
((a(a|b))|(a*)),60,3
((a(a|b))|(b*)),45,3
((a(b|a))|(a*)),60,3
((a(b|a))|(b*)),45,3
((a(b|b))|(a*)),60,3
((a(b|b))|(b*)),45,3
((aa)|(a(a*))),18,2
((aa)|(a(b*))),45,3
((aa)|(b(a*))),39,3
((aa)|(b(b*))),33,2
((aa)|((a*)a)),18,2
((aa)|((a*)b)),68,3
((aa)|((b*)a)),45,3
((aa)|((b*)b)),33,2
((aa)|((a|a)*)),5,1
((aa)|((a|b)*)),3,1
((aa)|((b|a)*)),3,1
((aa)|((b|b)*)),60,3
((aa)|(a*)|(a*)),5,1
((aa)|(a*)|(b*)),33,3
((aa)|(b*)|(a*)),33,3
((aa)|(b*)|(b*)),60,3
((ab)|(a(a*))),45,3
((ab)|(a(b*))),18,2
((ab)|(b(a*))),60,3
((ab)|(b(b*))),33,2
((ab)|((a*)a)),45,3
((ab)|((a*)b)),18,2
((ab)|((b*)a)),60,3
((ab)|((b*)b)),33,2
((ab)|((a|a)*)),60,3
((ab)|((a|b)*)),3,1
((ab)|((b|a)*)),3,1
((ab)|((b|b)*)),45,3
((ab)|(a*)|(a*)),60,3
((ab)|(a*)|(b*)),60,3
((ab)|(b*)|(a*)),60,3
((ab)|(b*)|(b*)),45,3
((a(a*))|(aa)),18,2
((a(a*))|(ab)),45,3
((a(a*))|(ba)),39,2
((a(a*))|(bb)),39,3
((a(b*))|(aa)),45,3
((a(b*))|(ab)),18,2
((a(b*))|(ba)),60,3
((a(b*))|(bb)),33,2
((b(a|a))|(a*)),51,3
((b(a|a))|(b*)),60,3
((b(a|b))|(a*)),39,2
((b(a|b))|(b*)),60,3
((b(b|a))|(a*)),39,2
((b(b|a))|(b*)),60,3
((b(b|b))|(a*)),60,3
((b(b|b))|(b*)),5,1
((ba)|(a(a*))),39,2
((ba)|(a(b*))),44,2
((ba)|(b(a*))),18,2
((ba)|(b(b*))),45,3
((ba)|((a*)a)),39,2
((ba)|((a*)b)),76,4
((ba)|((b*)a)),18,2
((ba)|((b*)b)),45,3
((ba)|((a|a)*)),51,3
((ba)|((a|b)*)),3,1
((ba)|((b|a)*)),3,1
((ba)|((b|b)*)),60,3
((ba)|(a*)|(a*)),51,3
((ba)|(a*)|(b*)),60,3
((ba)|(b*)|(a*)),60,3
((ba)|(b*)|(b*)),60,3
((bb)|(a(a*))),39,3
((bb)|(a(b*))),33,2
((bb)|(b(a*))),45,3
((bb)|(b(b*))),18,2
((bb)|((a*)a)),39,3
((bb)|((a*)b)),33,2
((bb)|((b*)a)),68,3
((bb)|((b*)b)),18,2
((bb)|((a|a)*)),60,3
((bb)|((a|b)*)),3,1
((bb)|((b|a)*)),3,1
((bb)|((b|b)*)),5,1
((bb)|(a*)|(a*)),60,3
((bb)|(a*)|(b*)),33,3
((bb)|(b*)|(a*)),33,3
((bb)|(b*)|(b*)),5,1
((b(a*))|(aa)),39,3
((b(a*))|(ab)),76,4
((b(a*))|(ba)),18,2
((b(a*))|(bb)),45,3
((b(b*))|(aa)),33,2
((b(b*))|(ab)),33,2
((b(b*))|(ba)),45,3
((b(b*))|(bb)),18,2
(((a*)a)|(aa)),18,2
(((a*)a)|(ab)),45,3
(((a*)a)|(ba)),39,2
(((a*)a)|(bb)),39,3
(((a*)b)|(aa)),68,3
(((a*)b)|(ab)),18,2
(((a*)b)|(ba)),44,2
(((a*)b)|(bb)),33,2
(((b*)a)|(aa)),45,3
(((b*)a)|(ab)),60,3
(((b*)a)|(ba)),18,2
(((b*)a)|(bb)),68,3
(((b*)b)|(aa)),33,2
(((b*)b)|(ab)),33,2
(((b*)b)|(ba)),45,3
(((b*)b)|(bb)),18,2
((a(aa))|(a*)),5,1
((a(aa))|(b*)),115,4
((a(ab))|(a*)),95,3
((a(ab))|(b*)),92,4
((a(ba))|(a*)),76,3
((a(ba))|(b*)),115,4
((a(bb))|(a*)),95,3
((a(bb))|(b*)),92,4
((b(aa))|(a*)),92,4
((b(aa))|(b*)),95,3
((b(ab))|(a*)),85,3
((b(ab))|(b*)),76,3
((b(ba))|(a*)),68,3
((b(ba))|(b*)),95,3
((b(bb))|(a*)),115,4
((b(bb))|(b*)),5,1
(((a|a)*)|((aa)*)),5,1
(((a|a)*)|((ab)*)),68,3
(((a|a)*)|((ba)*)),51,3
(((a|a)*)|((bb)*)),60,3
(((a|b)*)|((aa)*)),3,1
(((a|b)*)|((ab)*)),3,1
(((a|b)*)|((ba)*)),3,1
(((a|b)*)|((bb)*)),3,1
(((a|(a|(a|a)))*)|(a*)),5,1
(((a|(a|(a|a)))*)|(b*)),33,3
(((a|(a|(a|b)))*)|(a*)),3,1
(((a|(a|(a|b)))*)|(b*)),3,1
(((a|(a|(b|a)))*)|(a*)),3,1
(((a|(a|(b|a)))*)|(b*)),3,1
(((a|(a|(b|b)))*)|(a*)),3,1
(((a|(a|(b|b)))*)|(b*)),3,1
(((a|(b|(a|a)))*)|(a*)),3,1
(((a|(b|(a|a)))*)|(b*)),3,1
(((a|(b|(a|b)))*)|(a*)),3,1
(((a|(b|(a|b)))*)|(b*)),3,1
(((a|(b|(b|a)))*)|(a*)),3,1
(((a|(b|(b|a)))*)|(b*)),3,1
(((a|(b|(b|b)))*)|(a*)),3,1
(((a|(b|(b|b)))*)|(b*)),3,1
(((b|a)*)|((aa)*)),3,1
(((b|a)*)|((ab)*)),3,1
(((b|a)*)|((ba)*)),3,1
(((b|a)*)|((bb)*)),3,1
(((b|b)*)|((aa)*)),60,3
(((b|b)*)|((ab)*)),45,3
(((b|b)*)|((ba)*)),68,3
(((b|b)*)|((bb)*)),5,1
(((b|(a|(a|a)))*)|(a*)),3,1
(((b|(a|(a|a)))*)|(b*)),3,1
(((b|(a|(a|b)))*)|(a*)),3,1
(((b|(a|(a|b)))*)|(b*)),3,1
(((b|(a|(b|a)))*)|(a*)),3,1
(((b|(a|(b|a)))*)|(b*)),3,1
(((b|(a|(b|b)))*)|(a*)),3,1
(((b|(a|(b|b)))*)|(b*)),3,1
(((b|(b|(a|a)))*)|(a*)),3,1
(((b|(b|(a|a)))*)|(b*)),3,1
(((b|(b|(a|b)))*)|(a*)),3,1
(((b|(b|(a|b)))*)|(b*)),3,1
(((b|(b|(b|a)))*)|(a*)),3,1
(((b|(b|(b|a)))*)|(b*)),3,1
(((b|(b|(b|b)))*)|(a*)),33,3
(((b|(b|(b|b)))*)|(b*)),5,1
((a*)|((a|(a|(a|a)))*)),5,1
((a*)|((a|(a|(a|b)))*)),3,1
((a*)|((a|(a|(b|a)))*)),3,1
((a*)|((a|(a|(b|b)))*)),3,1
((a*)|((a|(b|(a|a)))*)),3,1
((a*)|((a|(b|(a|b)))*)),3,1
((a*)|((a|(b|(b|a)))*)),3,1
((a*)|((a|(b|(b|b)))*)),3,1
((a*)|((b|(a|(a|a)))*)),3,1
((a*)|((b|(a|(a|b)))*)),3,1
((a*)|((b|(a|(b|a)))*)),3,1
((a*)|((b|(a|(b|b)))*)),3,1
((a*)|((b|(b|(a|a)))*)),3,1
((a*)|((b|(b|(a|b)))*)),3,1
((a*)|((b|(b|(b|a)))*)),3,1
((a*)|((b|(b|(b|b)))*)),33,3
((a*)|(((a|a)a)*)),5,1
((a*)|(((a|a)b)*)),68,3
((a*)|(((a|b)a)*)),51,3
((a*)|(((a|b)b)*)),68,3
((a*)|(((b|a)a)*)),51,3
((a*)|(((b|a)b)*)),68,3
((a*)|(((b|b)a)*)),51,3
((a*)|(((b|b)b)*)),60,3
((a*)|((a(a|a))*)),5,1
((a*)|((a(a|b))*)),33,2
((a*)|((a(b|a))*)),33,2
((a*)|((a(b|b))*)),68,3
((a*)|((b(a|a))*)),51,3
((a*)|((b(a|b))*)),39,2
((a*)|((b(b|a))*)),39,2
((a*)|((b(b|b))*)),60,3
((a*)|((a(aa))*)),5,1
((a*)|((a(ab))*)),115,3
((a*)|((a(ba))*)),84,3
((a*)|((a(bb))*)),105,3
((a*)|((b(aa))*)),92,4
((a*)|((b(ab))*)),85,3
((a*)|((b(ba))*)),68,3
((a*)|((b(bb))*)),115,4
((a*)|(a*)|((aa)*)),5,1
((a*)|(a*)|((ab)*)),68,3
((a*)|(a*)|((ba)*)),51,3
((a*)|(a*)|((bb)*)),60,3
((a*)|(b*)|((aa)*)),33,3
((a*)|(b*)|((ab)*)),68,3
((a*)|(b*)|((ba)*)),68,3
((a*)|(b*)|((bb)*)),33,3
((a*)|((aa)*)|(a*)),5,1
((a*)|((aa)*)|(b*)),33,3
((a*)|((ab)*)|(a*)),68,3
((a*)|((ab)*)|(b*)),68,3
((a*)|((ba)*)|(a*)),51,3
((a*)|((ba)*)|(b*)),68,3
((a*)|((bb)*)|(a*)),60,3
((a*)|((bb)*)|(b*)),33,3
((b*)|((a|(a|(a|a)))*)),33,3
((b*)|((a|(a|(a|b)))*)),3,1
((b*)|((a|(a|(b|a)))*)),3,1
((b*)|((a|(a|(b|b)))*)),3,1
((b*)|((a|(b|(a|a)))*)),3,1
((b*)|((a|(b|(a|b)))*)),3,1
((b*)|((a|(b|(b|a)))*)),3,1
((b*)|((a|(b|(b|b)))*)),3,1
((b*)|((b|(a|(a|a)))*)),3,1
((b*)|((b|(a|(a|b)))*)),3,1
((b*)|((b|(a|(b|a)))*)),3,1
((b*)|((b|(a|(b|b)))*)),3,1
((b*)|((b|(b|(a|a)))*)),3,1
((b*)|((b|(b|(a|b)))*)),3,1
((b*)|((b|(b|(b|a)))*)),3,1
((b*)|((b|(b|(b|b)))*)),5,1
((b*)|(((a|a)a)*)),60,3
((b*)|(((a|a)b)*)),45,3
((b*)|(((a|b)a)*)),68,3
((b*)|(((a|b)b)*)),51,3
((b*)|(((b|a)a)*)),68,3
((b*)|(((b|a)b)*)),51,3
((b*)|(((b|b)a)*)),68,3
((b*)|(((b|b)b)*)),5,1
((b*)|((a(a|a))*)),60,3
((b*)|((a(a|b))*)),45,3
((b*)|((a(b|a))*)),45,3
((b*)|((a(b|b))*)),45,3
((b*)|((b(a|a))*)),68,3
((b*)|((b(a|b))*)),33,2
((b*)|((b(b|a))*)),33,2
((b*)|((b(b|b))*)),5,1
((b*)|((a(aa))*)),115,4
((b*)|((a(ab))*)),92,4
((b*)|((a(ba))*)),115,4
((b*)|((a(bb))*)),92,4
((b*)|((b(aa))*)),105,3
((b*)|((b(ab))*)),84,3
((b*)|((b(ba))*)),115,3
((b*)|((b(bb))*)),5,1
((b*)|(a*)|((aa)*)),33,3
((b*)|(a*)|((ab)*)),68,3
((b*)|(a*)|((ba)*)),68,3
((b*)|(a*)|((bb)*)),33,3
((b*)|(b*)|((aa)*)),60,3
((b*)|(b*)|((ab)*)),45,3
((b*)|(b*)|((ba)*)),68,3
((b*)|(b*)|((bb)*)),5,1
((b*)|((aa)*)|(a*)),33,3
((b*)|((aa)*)|(b*)),76,4
((b*)|((ab)*)|(a*)),68,3
((b*)|((ab)*)|(b*)),45,3
((b*)|((ba)*)|(a*)),68,3
((b*)|((ba)*)|(b*)),68,3
((b*)|((bb)*)|(a*)),33,3
((b*)|((bb)*)|(b*)),5,1
((((a|a)a)*)|(a*)),5,1
((((a|a)a)*)|(b*)),60,3
((((a|a)b)*)|(a*)),68,3
((((a|a)b)*)|(b*)),45,3
((((a|b)a)*)|(a*)),51,3
((((a|b)a)*)|(b*)),68,3
((((a|b)b)*)|(a*)),68,3
((((a|b)b)*)|(b*)),51,3
((((b|a)a)*)|(a*)),51,3
((((b|a)a)*)|(b*)),68,3
((((b|a)b)*)|(a*)),68,3
((((b|a)b)*)|(b*)),51,3
((((b|b)a)*)|(a*)),51,3
((((b|b)a)*)|(b*)),68,3
((((b|b)b)*)|(a*)),60,3
((((b|b)b)*)|(b*)),5,1
(((a(a|a))*)|(a*)),5,1
(((a(a|a))*)|(b*)),60,3
(((a(a|b))*)|(a*)),33,2
(((a(a|b))*)|(b*)),45,3
(((a(b|a))*)|(a*)),33,2
(((a(b|a))*)|(b*)),45,3
(((a(b|b))*)|(a*)),68,3
(((a(b|b))*)|(b*)),45,3
(((aa)*)|((a|a)*)),5,1
(((aa)*)|((a|b)*)),3,1
(((aa)*)|((b|a)*)),3,1
(((aa)*)|((b|b)*)),60,3
(((aa)*)|(a*)|(a*)),5,1
(((aa)*)|(a*)|(b*)),33,3
(((aa)*)|(b*)|(a*)),33,3
(((aa)*)|(b*)|(b*)),60,3
(((ab)*)|((a|a)*)),68,3
(((ab)*)|((a|b)*)),3,1
(((ab)*)|((b|a)*)),3,1
(((ab)*)|((b|b)*)),45,3
(((ab)*)|(a*)|(a*)),68,3
(((ab)*)|(a*)|(b*)),68,3
(((ab)*)|(b*)|(a*)),68,3
(((ab)*)|(b*)|(b*)),45,3
(((b(a|a))*)|(a*)),51,3
(((b(a|a))*)|(b*)),68,3
(((b(a|b))*)|(a*)),39,2
(((b(a|b))*)|(b*)),33,2
(((b(b|a))*)|(a*)),39,2
(((b(b|a))*)|(b*)),33,2
(((b(b|b))*)|(a*)),60,3
(((b(b|b))*)|(b*)),5,1
(((ba)*)|((a|a)*)),51,3
(((ba)*)|((a|b)*)),3,1
(((ba)*)|((b|a)*)),3,1
(((ba)*)|((b|b)*)),68,3
(((ba)*)|(a*)|(a*)),51,3
(((ba)*)|(a*)|(b*)),68,3
(((ba)*)|(b*)|(a*)),68,3
(((ba)*)|(b*)|(b*)),68,3
(((bb)*)|((a|a)*)),60,3
(((bb)*)|((a|b)*)),3,1
(((bb)*)|((b|a)*)),3,1
(((bb)*)|((b|b)*)),5,1
(((bb)*)|(a*)|(a*)),60,3
(((bb)*)|(a*)|(b*)),33,3
(((bb)*)|(b*)|(a*)),33,3
(((bb)*)|(b*)|(b*)),5,1
(((a(aa))*)|(a*)),5,1
(((a(aa))*)|(b*)),115,4
(((a(ab))*)|(a*)),115,3
(((a(ab))*)|(b*)),92,4
(((a(ba))*)|(a*)),84,3
(((a(ba))*)|(b*)),115,4
(((a(bb))*)|(a*)),105,3
(((a(bb))*)|(b*)),92,4
(((b(aa))*)|(a*)),92,4
(((b(aa))*)|(b*)),105,3
(((b(ab))*)|(a*)),85,3
(((b(ab))*)|(b*)),84,3
(((b(ba))*)|(a*)),68,3
(((b(ba))*)|(b*)),115,3
(((b(bb))*)|(a*)),115,4
(((b(bb))*)|(b*)),5,1
((a|a)(a|(a|a))),39,3
((a|a)(a|(a|b))),39,3
((a|a)(a|(b|a))),39,3
((a|a)(a|(b|b))),39,3
((a|a)(b|(a|a))),39,3
((a|a)(b|(a|b))),39,3
((a|a)(b|(b|a))),39,3
((a|a)(b|(b|b))),39,3
((a|a)((a*)|(a*))),18,2
((a|a)((a*)|(b*))),45,3
((a|a)((b*)|(a*))),45,3
((a|a)((b*)|(b*))),18,2
((a|a)((aa)*)),18,2
((a|a)((ab)*)),39,3
((a|a)((ba)*)),18,2
((a|a)((bb)*)),39,3
((a|b)(a|(a|a))),45,3
((a|b)(a|(a|b))),51,3
((a|b)(a|(b|a))),51,3
((a|b)(a|(b|b))),51,3
((a|b)(b|(a|a))),51,3
((a|b)(b|(a|b))),51,3
((a|b)(b|(b|a))),39,3
((a|b)(b|(b|b))),39,3
((a|b)((a*)|(a*))),18,2
((a|b)((a*)|(b*))),45,3
((a|b)((b*)|(a*))),39,2
((a|b)((b*)|(b*))),18,2
((a|b)((aa)*)),45,3
((a|b)((ab)*)),45,3
((a|b)((ba)*)),27,2
((a|b)((bb)*)),39,3
((a|(a|a))(a|a)),39,3
((a|(a|a))(a|b)),39,3
((a|(a|a))(b|a)),39,3
((a|(a|a))(b|b)),39,3
((a|(a|b))(a|a)),45,3
((a|(a|b))(a|b)),51,3
((a|(a|b))(b|a)),39,3
((a|(a|b))(b|b)),39,3
((a|(a|(a|a)))(a*)),18,2
((a|(a|(a|a)))(b*)),18,2
((a|(a|(a|b)))(a*)),18,2
((a|(a|(a|b)))(b*)),18,2
((a|(a|(b|a)))(a*)),18,2
((a|(a|(b|a)))(b*)),18,2
((a|(a|(b|b)))(a*)),18,2
((a|(a|(b|b)))(b*)),18,2
((a|(a|(a*)))a),18,2
((a|(a|(a*)))b),18,2
((a|(a|(b*)))a),45,3
((a|(a|(b*)))b),33,2
((a|(b|a))(a|a)),45,3
((a|(b|a))(a|b)),45,3
((a|(b|a))(b|a)),39,3
((a|(b|a))(b|b)),39,3
((a|(b|b))(a|a)),45,3
((a|(b|b))(a|b)),51,3
((a|(b|b))(b|a)),39,3
((a|(b|b))(b|b)),39,3
((a|(b|(a|a)))(a*)),18,2
((a|(b|(a|a)))(b*)),18,2
((a|(b|(a|b)))(a*)),18,2
((a|(b|(a|b)))(b*)),18,2
((a|(b|(b|a)))(a*)),18,2
((a|(b|(b|a)))(b*)),18,2
((a|(b|(b|b)))(a*)),18,2
((a|(b|(b|b)))(b*)),18,2
((a|(b|(a*)))a),39,2
((a|(b|(a*)))b),33,2
((a|(b|(b*)))a),45,3
((a|(b|(b*)))b),33,2
((a|(aa))a),45,3
((a|(aa))b),45,3
((a|(ab))a),76,4
((a|(ab))b),45,3
((a|(ba))a),60,3
((a|(ba))b),84,4
((a|(bb))a),76,4
((a|(bb))b),76,4
((b|a)(a|(a|a))),45,3
((b|a)(a|(a|b))),45,3
((b|a)(a|(b|a))),39,3
((b|a)(a|(b|b))),45,3
((b|a)(b|(a|a))),51,3
((b|a)(b|(a|b))),51,3
((b|a)(b|(b|a))),51,3
((b|a)(b|(b|b))),39,3
((b|a)((a*)|(a*))),18,2
((b|a)((a*)|(b*))),39,2
((b|a)((b*)|(a*))),45,3
((b|a)((b*)|(b*))),18,2
((b|a)((aa)*)),45,3
((b|a)((ab)*)),45,3
((b|a)((ba)*)),27,2
((b|a)((bb)*)),39,3
((b|b)(a|(a|a))),39,3
((b|b)(a|(a|b))),39,3
((b|b)(a|(b|a))),39,3
((b|b)(a|(b|b))),39,3
((b|b)(b|(a|a))),39,3
((b|b)(b|(a|b))),39,3
((b|b)(b|(b|a))),39,3
((b|b)(b|(b|b))),39,3
((b|b)((a*)|(a*))),18,2
((b|b)((a*)|(b*))),45,3
((b|b)((b*)|(a*))),45,3
((b|b)((b*)|(b*))),18,2
((b|b)((aa)*)),39,3
((b|b)((ab)*)),18,2
((b|b)((ba)*)),39,3
((b|b)((bb)*)),18,2
((b|(a|a))(a|a)),45,3
((b|(a|a))(a|b)),51,3
((b|(a|a))(b|a)),51,3
((b|(a|a))(b|b)),39,3
((b|(a|b))(a|a)),45,3
((b|(a|b))(a|b)),51,3
((b|(a|b))(b|a)),51,3
((b|(a|b))(b|b)),39,3
((b|(a|(a|a)))(a*)),18,2
((b|(a|(a|a)))(b*)),18,2
((b|(a|(a|b)))(a*)),18,2
((b|(a|(a|b)))(b*)),18,2
((b|(a|(b|a)))(a*)),18,2
((b|(a|(b|a)))(b*)),18,2
((b|(a|(b|b)))(a*)),18,2
((b|(a|(b|b)))(b*)),18,2
((b|(a|(a*)))a),39,2
((b|(a|(a*)))b),33,2
((b|(a|(b*)))a),45,3
((b|(a|(b*)))b),33,2
((b|(b|a))(a|a)),45,3
((b|(b|a))(a|b)),51,3
((b|(b|a))(b|a)),39,3
((b|(b|a))(b|b)),39,3
((b|(b|b))(a|a)),39,3
((b|(b|b))(a|b)),39,3
((b|(b|b))(b|a)),39,3
((b|(b|b))(b|b)),39,3
((b|(b|(a|a)))(a*)),18,2
((b|(b|(a|a)))(b*)),18,2
((b|(b|(a|b)))(a*)),18,2
((b|(b|(a|b)))(b*)),18,2
((b|(b|(b|a)))(a*)),18,2
((b|(b|(b|a)))(b*)),18,2
((b|(b|(b|b)))(a*)),18,2
((b|(b|(b|b)))(b*)),18,2
((b|(b|(a*)))a),39,2
((b|(b|(a*)))b),33,2
((b|(b|(b*)))a),18,2
((b|(b|(b*)))b),18,2
((b|(aa))a),76,4
((b|(aa))b),76,4
((b|(ab))a),60,3
((b|(ab))b),60,3
((b|(ba))a),45,3
((b|(ba))b),76,4
((b|(bb))a),45,3
((b|(bb))b),45,3
((((a|a)*)|(a*))a),18,2
((((a|a)*)|(a*))b),18,2
((((a|a)*)|(b*))a),33,2
((((a|a)*)|(b*))b),33,2
((((a|b)*)|(a*))a),5,1
((((a|b)*)|(a*))b),5,1
((((a|b)*)|(b*))a),5,1
((((a|b)*)|(b*))b),5,1
((((b|a)*)|(a*))a),5,1
((((b|a)*)|(a*))b),5,1
((((b|a)*)|(b*))a),5,1
((((b|a)*)|(b*))b),5,1
((((b|b)*)|(a*))a),33,2
((((b|b)*)|(a*))b),33,2
((((b|b)*)|(b*))a),18,2
((((b|b)*)|(b*))b),18,2
(((a*)|((a|a)*))a),18,2
(((a*)|((a|a)*))b),18,2
(((a*)|((a|b)*))a),5,1
(((a*)|((a|b)*))b),5,1
(((a*)|((b|a)*))a),5,1
(((a*)|((b|a)*))b),5,1
(((a*)|((b|b)*))a),33,2
(((a*)|((b|b)*))b),33,2
(((a*)|(a*))(a|a)),18,2
(((a*)|(a*))(a|b)),18,2
(((a*)|(a*))(b|a)),18,2
(((a*)|(a*))(b|b)),18,2
(((a*)|(b*))(a|a)),33,2
(((a*)|(b*))(a|b)),45,3
(((a*)|(b*))(b|a)),45,3
(((a*)|(b*))(b|b)),33,2
(((a*)|(a*)|(a*))a),18,2
(((a*)|(a*)|(a*))b),18,2
(((a*)|(a*)|(b*))a),33,2
(((a*)|(a*)|(b*))b),33,2
(((a*)|(b*)|(a*))a),33,2
(((a*)|(b*)|(a*))b),33,2
(((a*)|(b*)|(b*))a),33,2
(((a*)|(b*)|(b*))b),33,2
(((b*)|((a|a)*))a),33,2
(((b*)|((a|a)*))b),33,2
(((b*)|((a|b)*))a),5,1
(((b*)|((a|b)*))b),5,1
(((b*)|((b|a)*))a),5,1
(((b*)|((b|a)*))b),5,1
(((b*)|((b|b)*))a),18,2
(((b*)|((b|b)*))b),18,2
(((b*)|(a*))(a|a)),33,2
(((b*)|(a*))(a|b)),45,3
(((b*)|(a*))(b|a)),45,3
(((b*)|(a*))(b|b)),33,2
(((b*)|(b*))(a|a)),18,2
(((b*)|(b*))(a|b)),22,2
(((b*)|(b*))(b|a)),22,2
(((b*)|(b*))(b|b)),18,2
(((b*)|(a*)|(a*))a),33,2
(((b*)|(a*)|(a*))b),33,2
(((b*)|(a*)|(b*))a),33,2
(((b*)|(a*)|(b*))b),33,2
(((b*)|(b*)|(a*))a),33,2
(((b*)|(b*)|(a*))b),33,2
(((b*)|(b*)|(b*))a),18,2
(((b*)|(b*)|(b*))b),18,2
(a(a|(a|(a*)))),18,2
(a(a|(a|(b*)))),45,3
(a(a|(b|(a*)))),45,3
(a(a|(b|(b*)))),45,3
(a(a|(aa))),45,3
(a(a|(ab))),68,4
(a(a|(ba))),76,4
(a(a|(bb))),60,4
(a(b|(a|(a*)))),45,3
(a(b|(a|(b*)))),45,3
(a(b|(b|(a*)))),45,3
(a(b|(b|(b*)))),18,2
(a(b|(aa))),68,4
(a(b|(ab))),45,3
(a(b|(ba))),68,4
(a(b|(bb))),45,3
(a(((a|a)*)|(a*))),18,2
(a(((a|a)*)|(b*))),45,3
(a(((a|b)*)|(a*))),18,2
(a(((a|b)*)|(b*))),18,2
(a(((b|a)*)|(a*))),18,2
(a(((b|a)*)|(b*))),18,2
(a(((b|b)*)|(a*))),45,3
(a(((b|b)*)|(b*))),18,2
(a((a*)|((a|a)*))),18,2
(a((a*)|((a|b)*))),18,2
(a((a*)|((b|a)*))),18,2
(a((a*)|((b|b)*))),45,3
(a((a*)|(a*)|(a*))),18,2
(a((a*)|(a*)|(b*))),45,3
(a((a*)|(b*)|(a*))),45,3
(a((a*)|(b*)|(b*))),45,3
(a((b*)|((a|a)*))),45,3
(a((b*)|((a|b)*))),18,2
(a((b*)|((b|a)*))),18,2
(a((b*)|((b|b)*))),18,2
(a((b*)|(a*)|(a*))),45,3
(a((b*)|(a*)|(b*))),45,3
(a((b*)|(b*)|(a*))),45,3
(a((b*)|(b*)|(b*))),18,2
(a((a|(a|(a|a)))*)),18,2
(a((a|(a|(a|b)))*)),18,2
(a((a|(a|(b|a)))*)),18,2
(a((a|(a|(b|b)))*)),18,2
(a((a|(b|(a|a)))*)),18,2
(a((a|(b|(a|b)))*)),18,2
(a((a|(b|(b|a)))*)),18,2
(a((a|(b|(b|b)))*)),18,2
(a((b|(a|(a|a)))*)),18,2
(a((b|(a|(a|b)))*)),18,2
(a((b|(a|(b|a)))*)),18,2
(a((b|(a|(b|b)))*)),18,2
(a((b|(b|(a|a)))*)),18,2
(a((b|(b|(a|b)))*)),18,2
(a((b|(b|(b|a)))*)),18,2
(a((b|(b|(b|b)))*)),18,2
(a(((a|a)a)*)),18,2
(a(((a|a)b)*)),39,3
(a(((a|b)a)*)),18,2
(a(((a|b)b)*)),39,3
(a(((b|a)a)*)),18,2
(a(((b|a)b)*)),39,3
(a(((b|b)a)*)),18,2
(a(((b|b)b)*)),39,3
(a((a(a|a))*)),18,2
(a((a(a|b))*)),39,3
(a((a(b|a))*)),39,3
(a((a(b|b))*)),39,3
(a((b(a|a))*)),18,2
(a((b(a|b))*)),39,3
(a((b(b|a))*)),39,3
(a((b(b|b))*)),39,3
(a((a(aa))*)),45,3
(a((a(ab))*)),60,3
(a((a(ba))*)),45,3
(a((a(bb))*)),60,3
(a((b(aa))*)),45,3
(a((b(ab))*)),60,3
(a((b(ba))*)),45,3
(a((b(bb))*)),60,3
(b(a|(a|(a*)))),18,2
(b(a|(a|(b*)))),45,3
(b(a|(b|(a*)))),45,3
(b(a|(b|(b*)))),45,3
(b(a|(aa))),45,3
(b(a|(ab))),68,4
(b(a|(ba))),45,3
(b(a|(bb))),68,4
(b(b|(a|(a*)))),45,3
(b(b|(a|(b*)))),45,3
(b(b|(b|(a*)))),45,3
(b(b|(b|(b*)))),18,2
(b(b|(aa))),68,4
(b(b|(ab))),76,4
(b(b|(ba))),68,4
(b(b|(bb))),45,3
(b(((a|a)*)|(a*))),18,2
(b(((a|a)*)|(b*))),45,3
(b(((a|b)*)|(a*))),18,2
(b(((a|b)*)|(b*))),18,2
(b(((b|a)*)|(a*))),18,2
(b(((b|a)*)|(b*))),18,2
(b(((b|b)*)|(a*))),45,3
(b(((b|b)*)|(b*))),18,2
(b((a*)|((a|a)*))),18,2
(b((a*)|((a|b)*))),18,2
(b((a*)|((b|a)*))),18,2
(b((a*)|((b|b)*))),45,3
(b((a*)|(a*)|(a*))),18,2
(b((a*)|(a*)|(b*))),45,3
(b((a*)|(b*)|(a*))),45,3
(b((a*)|(b*)|(b*))),45,3
(b((b*)|((a|a)*))),45,3
(b((b*)|((a|b)*))),18,2
(b((b*)|((b|a)*))),18,2
(b((b*)|((b|b)*))),18,2
(b((b*)|(a*)|(a*))),45,3
(b((b*)|(a*)|(b*))),45,3
(b((b*)|(b*)|(a*))),45,3
(b((b*)|(b*)|(b*))),18,2
(b((a|(a|(a|a)))*)),18,2
(b((a|(a|(a|b)))*)),18,2
(b((a|(a|(b|a)))*)),18,2
(b((a|(a|(b|b)))*)),18,2
(b((a|(b|(a|a)))*)),18,2
(b((a|(b|(a|b)))*)),18,2
(b((a|(b|(b|a)))*)),18,2
(b((a|(b|(b|b)))*)),18,2
(b((b|(a|(a|a)))*)),18,2
(b((b|(a|(a|b)))*)),18,2
(b((b|(a|(b|a)))*)),18,2
(b((b|(a|(b|b)))*)),18,2
(b((b|(b|(a|a)))*)),18,2
(b((b|(b|(a|b)))*)),18,2
(b((b|(b|(b|a)))*)),18,2
(b((b|(b|(b|b)))*)),18,2
(b(((a|a)a)*)),39,3
(b(((a|a)b)*)),18,2
(b(((a|b)a)*)),39,3
(b(((a|b)b)*)),18,2
(b(((b|a)a)*)),39,3
(b(((b|a)b)*)),18,2
(b(((b|b)a)*)),39,3
(b(((b|b)b)*)),18,2
(b((a(a|a))*)),39,3
(b((a(a|b))*)),39,3
(b((a(b|a))*)),39,3
(b((a(b|b))*)),18,2
(b((b(a|a))*)),39,3
(b((b(a|b))*)),39,3
(b((b(b|a))*)),39,3
(b((b(b|b))*)),18,2
(b((a(aa))*)),60,3
(b((a(ab))*)),45,3
(b((a(ba))*)),60,3
(b((a(bb))*)),45,3
(b((b(aa))*)),60,3
(b((b(ab))*)),45,3
(b((b(ba))*)),60,3
(b((b(bb))*)),45,3
(((a|a)*)((a|a)*)),5,1
(((a|a)*)((a|b)*)),3,1
(((a|a)*)((b|a)*)),3,1
(((a|a)*)((b|b)*)),14,2
(((a|b)*)((a|a)*)),3,1
(((a|b)*)((a|b)*)),3,1
(((a|b)*)((b|a)*)),3,1
(((a|b)*)((b|b)*)),3,1
(((a|(a|(a|a)))*)a),18,2
(((a|(a|(a|a)))*)b),18,2
(((a|(a|(a|b)))*)a),5,1
(((a|(a|(a|b)))*)b),5,1
(((a|(a|(b|a)))*)a),5,1
(((a|(a|(b|a)))*)b),5,1
(((a|(a|(b|b)))*)a),5,1
(((a|(a|(b|b)))*)b),5,1
(((a|(b|(a|a)))*)a),5,1
(((a|(b|(a|a)))*)b),5,1
(((a|(b|(a|b)))*)a),5,1
(((a|(b|(a|b)))*)b),5,1
(((a|(b|(b|a)))*)a),5,1
(((a|(b|(b|a)))*)b),5,1
(((a|(b|(b|b)))*)a),5,1
(((a|(b|(b|b)))*)b),5,1
(((a|(a*))*)(a*)),5,1
(((a|(b*))*)(a*)),3,1
(((b|a)*)((a|a)*)),3,1
(((b|a)*)((a|b)*)),19,2
(((b|a)*)((b|a)*)),3,1
(((b|a)*)((b|b)*)),3,1
(((b|b)*)((a|a)*)),14,2
(((b|b)*)((a|b)*)),3,1
(((b|b)*)((b|a)*)),3,1
(((b|b)*)((b|b)*)),5,1
(((b|(a|(a|a)))*)a),5,1
(((b|(a|(a|a)))*)b),5,1
(((b|(a|(a|b)))*)a),5,1
(((b|(a|(a|b)))*)b),5,1
(((b|(a|(b|a)))*)a),5,1
(((b|(a|(b|a)))*)b),5,1
(((b|(a|(b|b)))*)a),5,1
(((b|(a|(b|b)))*)b),5,1
(((b|(b|(a|a)))*)a),5,1
(((b|(b|(a|a)))*)b),5,1
(((b|(b|(a|b)))*)a),5,1
(((b|(b|(a|b)))*)b),5,1
(((b|(b|(b|a)))*)a),5,1
(((b|(b|(b|a)))*)b),5,1
(((b|(b|(b|b)))*)a),18,2
(((b|(b|(b|b)))*)b),18,2
((a*)(a|(a|(a|a)))),18,2
((a*)(a|(a|(a|b)))),18,2
((a*)(a|(a|(b|a)))),18,2
((a*)(a|(a|(b|b)))),18,2
((a*)(a|(b|(a|a)))),18,2
((a*)(a|(b|(a|b)))),18,2
((a*)(a|(b|(b|a)))),18,2
((a*)(a|(b|(b|b)))),18,2
((a*)(b|(a|(a|a)))),18,2
((a*)(b|(a|(a|b)))),18,2
((a*)(b|(a|(b|a)))),18,2
((a*)(b|(a|(b|b)))),18,2
((a*)(b|(b|(a|a)))),18,2
((a*)(b|(b|(a|b)))),18,2
((a*)(b|(b|(b|a)))),18,2
((a*)(b|(b|(b|b)))),18,2
((a*)((a|(a*))*)),5,1
((a*)((a|(b*))*)),3,1
((a*)((b|(a*))*)),3,1
((a*)((b|(b*))*)),14,2
((a*)(((a*)(a*))*)),5,1
((a*)(((a*)(b*))*)),3,1
((a*)(((b*)(a*))*)),3,1
((a*)(((b*)(b*))*)),14,2
((b*)(a|(a|(a|a)))),18,2
((b*)(a|(a|(a|b)))),22,2
((b*)(a|(a|(b|a)))),22,2
((b*)(a|(a|(b|b)))),22,2
((b*)(a|(b|(a|a)))),22,2
((b*)(a|(b|(a|b)))),22,2
((b*)(a|(b|(b|a)))),22,2
((b*)(a|(b|(b|b)))),22,2
((b*)(b|(a|(a|a)))),22,2
((b*)(b|(a|(a|b)))),22,2
((b*)(b|(a|(b|a)))),22,2
((b*)(b|(a|(b|b)))),22,2
((b*)(b|(b|(a|a)))),22,2
((b*)(b|(b|(a|b)))),22,2
((b*)(b|(b|(b|a)))),22,2
((b*)(b|(b|(b|b)))),18,2
((b*)((a|(a*))*)),14,2
((b*)((a|(b*))*)),3,1
((b*)((b|(a*))*)),3,1
((b*)((b|(b*))*)),5,1
((b*)(((a*)(a*))*)),14,2
((b*)(((a*)(b*))*)),3,1
((b*)(((b*)(a*))*)),3,1
((b*)(((b*)(b*))*)),5,1
((((a|a)a)*)a),18,2
((((a|a)a)*)b),27,2
((((a|a)b)*)a),18,2
((((a|a)b)*)b),45,3
((((a|b)a)*)a),45,3
((((a|b)a)*)b),27,2
((((a|b)b)*)a),27,2
((((a|b)b)*)b),45,3
((((b|a)a)*)a),45,3
((((b|a)a)*)b),27,2
((((b|a)b)*)a),27,2
((((b|a)b)*)b),45,3
((((b|b)a)*)a),45,3
((((b|b)a)*)b),18,2
((((b|b)b)*)a),27,2
((((b|b)b)*)b),18,2
(((a(a|a))*)a),18,2
(((a(a|a))*)b),27,2
(((a(a|b))*)a),18,2
(((a(a|b))*)b),45,3
(((a(b|a))*)a),18,2
(((a(b|a))*)b),45,3
(((a(b|b))*)a),18,2
(((a(b|b))*)b),45,3
(((aa)*)(a|a)),18,2
(((aa)*)(a|b)),45,3
(((aa)*)(b|a)),45,3
(((aa)*)(b|b)),27,2
(((ab)*)(a|a)),18,2
(((ab)*)(a|b)),45,3
(((ab)*)(b|a)),45,3
(((ab)*)(b|b)),45,3
(((b(a|a))*)a),45,3
(((b(a|a))*)b),18,2
(((b(a|b))*)a),45,3
(((b(a|b))*)b),18,2
(((b(b|a))*)a),45,3
(((b(b|a))*)b),18,2
(((b(b|b))*)a),27,2
(((b(b|b))*)b),18,2
(((ba)*)(a|a)),45,3
(((ba)*)(a|b)),45,3
(((ba)*)(b|a)),45,3
(((ba)*)(b|b)),18,2
(((bb)*)(a|a)),27,2
(((bb)*)(a|b)),45,3
(((bb)*)(b|a)),45,3
(((bb)*)(b|b)),18,2
((((a*)(a*))*)(b*)),14,2
(((a(aa))*)a),45,3
(((a(aa))*)b),60,3
(((a(ab))*)a),45,3
(((a(ab))*)b),60,3
(((a(ba))*)a),45,3
(((a(ba))*)b),68,3
(((a(bb))*)a),45,3
(((a(bb))*)b),68,3
(((b(aa))*)a),68,3
(((b(aa))*)b),45,3
(((b(ab))*)a),68,3
(((b(ab))*)b),45,3
(((b(ba))*)a),60,3
(((b(ba))*)b),45,3
(((b(bb))*)a),60,3
(((b(bb))*)b),45,3
((a|a)((a*)(a*))),18,2
((a|a)((a*)(b*))),22,2
((a|a)((b*)(a*))),39,3
((a|a)((b*)(b*))),18,2
((a|b)((a*)(a*))),18,2
((a|b)((a*)(b*))),22,2
((a|b)((b*)(a*))),33,2
((a|b)((b*)(b*))),18,2
((a|(a|a))(aa)),68,3
((a|(a|a))(ab)),68,3
((a|(a|a))(ba)),68,3
((a|(a|a))(bb)),68,3
((a|(a|b))(aa)),68,3
((a|(a|b))(ab)),76,3
((a|(a|b))(ba)),76,3
((a|(a|b))(bb)),76,3
((a|(b|a))(aa)),68,3
((a|(b|a))(ab)),68,3
((a|(b|a))(ba)),68,3
((a|(b|a))(bb)),76,3
((a|(b|b))(aa)),68,3
((a|(b|b))(ab)),68,3
((a|(b|b))(ba)),68,3
((a|(b|b))(bb)),76,3
((b|a)((a*)(a*))),18,2
((b|a)((a*)(b*))),22,2
((b|a)((b*)(a*))),33,2
((b|a)((b*)(b*))),18,2
((b|b)((a*)(a*))),18,2
((b|b)((a*)(b*))),39,3
((b|b)((b*)(a*))),22,2
((b|b)((b*)(b*))),18,2
((b|(a|a))(aa)),68,3
((b|(a|a))(ab)),76,3
((b|(a|a))(ba)),68,3
((b|(a|a))(bb)),76,3
((b|(a|b))(aa)),68,3
((b|(a|b))(ab)),68,3
((b|(a|b))(ba)),76,3
((b|(a|b))(bb)),76,3
((b|(b|a))(aa)),68,3
((b|(b|a))(ab)),76,3
((b|(b|a))(ba)),76,3
((b|(b|a))(bb)),76,3
((b|(b|b))(aa)),68,3
((b|(b|b))(ab)),68,3
((b|(b|b))(ba)),68,3
((b|(b|b))(bb)),68,3
(((a*)|(a*))(aa)),39,3
(((a*)|(a*))(ab)),39,3
(((a*)|(a*))(ba)),39,3
(((a*)|(a*))(bb)),39,3
(((a*)|(b*))(aa)),84,4
(((a*)|(b*))(ab)),60,3
(((a*)|(b*))(ba)),60,3
(((a*)|(b*))(bb)),84,4
(((b*)|(a*))(aa)),84,4
(((b*)|(a*))(ab)),60,3
(((b*)|(a*))(ba)),60,3
(((b*)|(a*))(bb)),84,4
(((b*)|(b*))(aa)),39,3
(((b*)|(b*))(ab)),39,3
(((b*)|(b*))(ba)),39,3
(((b*)|(b*))(bb)),39,3
(a((a|(a|a))a)),68,3
(a((a|(a|a))b)),68,3
(a((a|(a|b))a)),68,3
(a((a|(a|b))b)),68,3
(a((a|(b|a))a)),68,3
(a((a|(b|a))b)),68,3
(a((a|(b|b))a)),68,3
(a((a|(b|b))b)),68,3
(a((b|(a|a))a)),68,3
(a((b|(a|a))b)),68,3
(a((b|(a|b))a)),68,3
(a((b|(a|b))b)),68,3
(a((b|(b|a))a)),68,3
(a((b|(b|a))b)),68,3
(a((b|(b|b))a)),68,3
(a((b|(b|b))b)),68,3
(a(((a*)|(a*))a)),39,3
(a(((a*)|(a*))b)),39,3
(a(((a*)|(b*))a)),51,3
(a(((a*)|(b*))b)),76,4
(a(((b*)|(a*))a)),51,3
(a(((b*)|(a*))b)),76,4
(a(((b*)|(b*))a)),39,3
(a(((b*)|(b*))b)),39,3
(a(a(a|(a|a)))),68,3
(a(a(a|(a|b)))),68,3
(a(a(a|(b|a)))),68,3
(a(a(a|(b|b)))),68,3
(a(a(b|(a|a)))),68,3
(a(a(b|(a|b)))),68,3
(a(a(b|(b|a)))),68,3
(a(a(b|(b|b)))),68,3
(a(a((a*)|(a*)))),39,3
(a(a((a*)|(b*)))),76,4
(a(a((b*)|(a*)))),76,4
(a(a((b*)|(b*)))),39,3
(a(a((aa)*))),39,3
(a(a((ab)*))),68,4
(a(a((ba)*))),39,3
(a(a((bb)*))),68,4
(a(b(a|(a|a)))),68,3
(a(b(a|(a|b)))),68,3
(a(b(a|(b|a)))),68,3
(a(b(a|(b|b)))),68,3
(a(b(b|(a|a)))),68,3
(a(b(b|(a|b)))),68,3
(a(b(b|(b|a)))),68,3
(a(b(b|(b|b)))),68,3
(a(b((a*)|(a*)))),39,3
(a(b((a*)|(b*)))),76,4
(a(b((b*)|(a*)))),76,4
(a(b((b*)|(b*)))),39,3
(a(b((aa)*))),68,4
(a(b((ab)*))),39,3
(a(b((ba)*))),68,4
(a(b((bb)*))),39,3
(a(((a|a)*)(a*))),18,2
(a(((a|a)*)(b*))),22,2
(a(((a|b)*)(a*))),18,2
(a(((a|b)*)(b*))),18,2
(a(((b|a)*)(a*))),18,2
(a(((b|a)*)(b*))),18,2
(a(((b|b)*)(a*))),39,3
(a(((b|b)*)(b*))),18,2
(a((a*)((a|a)*))),18,2
(a((a*)((a|b)*))),18,2
(a((a*)((b|a)*))),18,2
(a((a*)((b|b)*))),22,2
(a((b*)((a|a)*))),39,3
(a((b*)((a|b)*))),18,2
(a((b*)((b|a)*))),18,2
(a((b*)((b|b)*))),18,2
(a(((aa)*)a)),39,3
(a(((aa)*)b)),39,3
(a(((ab)*)a)),39,3
(a(((ab)*)b)),76,4
(a(((ba)*)a)),39,3
(a(((ba)*)b)),39,3
(a(((bb)*)a)),76,4
(a(((bb)*)b)),39,3
(a(a((a*)(a*)))),39,3
(a(a((a*)(b*)))),45,3
(a(a((b*)(a*)))),68,4
(a(a((b*)(b*)))),39,3
(a(b((a*)(a*)))),39,3
(a(b((a*)(b*)))),45,3
(a(b((b*)(a*)))),45,3
(a(b((b*)(b*)))),39,3
(a((a*)(a(a*)))),39,3
(a((a*)(a(b*)))),45,3
(a((a*)(b(a*)))),39,3
(a((a*)(b(b*)))),39,3
(a((a*)((a*)a))),39,3
(a((a*)((a*)b))),39,3
(a((a*)((b*)a))),51,3
(a((a*)((b*)b))),39,3
(a((b*)(a(a*)))),39,3
(a((b*)(a(b*)))),39,3
(a((b*)(b(a*)))),45,3
(a((b*)(b(b*)))),39,3
(a((b*)((a*)a))),39,3
(a((b*)((a*)b))),76,4
(a((b*)((b*)a))),39,3
(a((b*)((b*)b))),39,3
(b((a|(a|a))a)),68,3
(b((a|(a|a))b)),68,3
(b((a|(a|b))a)),68,3
(b((a|(a|b))b)),68,3
(b((a|(b|a))a)),68,3
(b((a|(b|a))b)),68,3
(b((a|(b|b))a)),68,3
(b((a|(b|b))b)),68,3
(b((b|(a|a))a)),68,3
(b((b|(a|a))b)),68,3
(b((b|(a|b))a)),68,3
(b((b|(a|b))b)),68,3
(b((b|(b|a))a)),68,3
(b((b|(b|a))b)),68,3
(b((b|(b|b))a)),68,3
(b((b|(b|b))b)),68,3
(b(((a*)|(a*))a)),39,3
(b(((a*)|(a*))b)),39,3
(b(((a*)|(b*))a)),76,4
(b(((a*)|(b*))b)),51,3
(b(((b*)|(a*))a)),76,4
(b(((b*)|(a*))b)),51,3
(b(((b*)|(b*))a)),39,3
(b(((b*)|(b*))b)),39,3
(b(a(a|(a|a)))),68,3
(b(a(a|(a|b)))),68,3
(b(a(a|(b|a)))),68,3
(b(a(a|(b|b)))),68,3
(b(a(b|(a|a)))),68,3
(b(a(b|(a|b)))),68,3
(b(a(b|(b|a)))),68,3
(b(a(b|(b|b)))),68,3
(b(a((a*)|(a*)))),39,3
(b(a((a*)|(b*)))),76,4
(b(a((b*)|(a*)))),76,4
(b(a((b*)|(b*)))),39,3
(b(a((aa)*))),39,3
(b(a((ab)*))),68,4
(b(a((ba)*))),39,3
(b(a((bb)*))),68,4
(b(b(a|(a|a)))),68,3
(b(b(a|(a|b)))),68,3
(b(b(a|(b|a)))),68,3
(b(b(a|(b|b)))),68,3
(b(b(b|(a|a)))),68,3
(b(b(b|(a|b)))),68,3
(b(b(b|(b|a)))),68,3
(b(b(b|(b|b)))),68,3
(b(b((a*)|(a*)))),39,3
(b(b((a*)|(b*)))),76,4
(b(b((b*)|(a*)))),76,4
(b(b((b*)|(b*)))),39,3
(b(b((aa)*))),68,4
(b(b((ab)*))),39,3
(b(b((ba)*))),68,4
(b(b((bb)*))),39,3
(b(((a|a)*)(a*))),18,2
(b(((a|a)*)(b*))),39,3
(b(((a|b)*)(a*))),18,2
(b(((a|b)*)(b*))),18,2
(b(((b|a)*)(a*))),18,2
(b(((b|a)*)(b*))),18,2
(b(((b|b)*)(a*))),22,2
(b(((b|b)*)(b*))),18,2
(b((a*)((a|a)*))),18,2
(b((a*)((a|b)*))),18,2
(b((a*)((b|a)*))),18,2
(b((a*)((b|b)*))),39,3
(b((b*)((a|a)*))),22,2
(b((b*)((a|b)*))),18,2
(b((b*)((b|a)*))),18,2
(b((b*)((b|b)*))),18,2
(b(((aa)*)a)),39,3
(b(((aa)*)b)),76,4
(b(((ab)*)a)),39,3
(b(((ab)*)b)),39,3
(b(((ba)*)a)),76,4
(b(((ba)*)b)),39,3
(b(((bb)*)a)),39,3
(b(((bb)*)b)),39,3
(b(a((a*)(a*)))),39,3
(b(a((a*)(b*)))),45,3
(b(a((b*)(a*)))),45,3
(b(a((b*)(b*)))),39,3
(b(b((a*)(a*)))),39,3
(b(b((a*)(b*)))),68,4
(b(b((b*)(a*)))),45,3
(b(b((b*)(b*)))),39,3
(b((a*)(a(a*)))),39,3
(b((a*)(a(b*)))),45,3
(b((a*)(b(a*)))),39,3
(b((a*)(b(b*)))),39,3
(b((a*)((a*)a))),39,3
(b((a*)((a*)b))),39,3
(b((a*)((b*)a))),76,4
(b((a*)((b*)b))),39,3
(b((b*)(a(a*)))),39,3
(b((b*)(a(b*)))),39,3
(b((b*)(b(a*)))),45,3
(b((b*)(b(b*)))),39,3
(b((b*)((a*)a))),39,3
(b((b*)((a*)b))),51,3
(b((b*)((b*)a))),39,3
(b((b*)((b*)b))),39,3
(((a|a)*)(a(a*))),18,2
(((a|a)*)(a(b*))),22,2
(((a|a)*)(b(a*))),18,2
(((a|a)*)(b(b*))),18,2
(((a|a)*)((a*)a)),18,2
(((a|a)*)((a*)b)),18,2
(((a|a)*)((b*)a)),33,2
(((a|a)*)((b*)b)),18,2
(((a|b)*)(a(a*))),5,1
(((a|b)*)(a(b*))),5,1
(((a|b)*)(b(a*))),5,1
(((a|b)*)(b(b*))),5,1
(((a|b)*)((a*)a)),5,1
(((a|b)*)((a*)b)),5,1
(((a|b)*)((b*)a)),5,1
(((a|b)*)((b*)b)),5,1
(((b|a)*)(a(a*))),5,1
(((b|a)*)(a(b*))),5,1
(((b|a)*)(b(a*))),5,1
(((b|a)*)(b(b*))),5,1
(((b|a)*)((a*)a)),5,1
(((b|a)*)((a*)b)),5,1
(((b|a)*)((b*)a)),5,1
(((b|a)*)((b*)b)),5,1
(((b|b)*)(a(a*))),18,2
(((b|b)*)(a(b*))),18,2
(((b|b)*)(b(a*))),22,2
(((b|b)*)(b(b*))),18,2
(((b|b)*)((a*)a)),18,2
(((b|b)*)((a*)b)),33,2
(((b|b)*)((b*)a)),18,2
(((b|b)*)((b*)b)),18,2
((a*)((a|a)(a*))),18,2
((a*)((a|a)(b*))),22,2
((a*)((a|b)(a*))),27,2
((a*)((a|b)(b*))),18,2
((a*)((b|a)(a*))),27,2
((a*)((b|a)(b*))),18,2
((a*)((b|b)(a*))),18,2
((a*)((b|b)(b*))),18,2
((a*)(a((a|a)*))),18,2
((a*)(a((a|b)*))),18,2
((a*)(a((b|a)*))),18,2
((a*)(a((b|b)*))),22,2
((a*)(b((a|a)*))),18,2
((a*)(b((a|b)*))),5,1
((a*)(b((b|a)*))),5,1
((a*)(b((b|b)*))),18,2
((a*)(((a|a)*)a)),18,2
((a*)(((a|a)*)b)),18,2
((a*)(((a|b)*)a)),5,1
((a*)(((a|b)*)b)),5,1
((a*)(((b|a)*)a)),5,1
((a*)(((b|a)*)b)),5,1
((a*)(((b|b)*)a)),33,2
((a*)(((b|b)*)b)),18,2
((a*)((a*)(a|a))),18,2
((a*)((a*)(a|b))),18,2
((a*)((a*)(b|a))),18,2
((a*)((a*)(b|b))),18,2
((a*)((b*)(a|a))),33,2
((a*)((b*)(a|b))),33,2
((a*)((b*)(b|a))),33,2
((a*)((b*)(b|b))),18,2
((a*)(a(a(a*)))),39,3
((a*)(a(a(b*)))),45,3
((a*)(a(b(a*)))),39,3
((a*)(a(b(b*)))),39,3
((a*)(a((a*)a))),39,3
((a*)(a((a*)b))),39,3
((a*)(a((b*)a))),51,3
((a*)(a((b*)b))),39,3
((a*)(b(a(a*)))),39,3
((a*)(b(a(b*)))),39,3
((a*)(b(b(a*)))),39,3
((a*)(b(b(b*)))),39,3
((a*)(b((a*)a))),39,3
((a*)(b((a*)b))),39,3
((a*)(b((b*)a))),39,3
((a*)(b((b*)b))),39,3
((a*)((a*)(aa))),39,3
((a*)((a*)(ab))),39,3
((a*)((a*)(ba))),39,3
((a*)((a*)(bb))),39,3
((a*)((b*)(aa))),60,3
((a*)((b*)(ab))),68,3
((a*)((b*)(ba))),39,3
((a*)((b*)(bb))),39,3
((b*)((a|a)(a*))),18,2
((b*)((a|a)(b*))),18,2
((b*)((a|b)(a*))),22,2
((b*)((a|b)(b*))),22,2
((b*)((b|a)(a*))),22,2
((b*)((b|a)(b*))),22,2
((b*)((b|b)(a*))),22,2
((b*)((b|b)(b*))),18,2
((b*)(a((a|a)*))),18,2
((b*)(a((a|b)*))),5,1
((b*)(a((b|a)*))),5,1
((b*)(a((b|b)*))),18,2
((b*)(b((a|a)*))),22,2
((b*)(b((a|b)*))),18,2
((b*)(b((b|a)*))),18,2
((b*)(b((b|b)*))),18,2
((b*)(((a|a)*)a)),18,2
((b*)(((a|a)*)b)),33,2
((b*)(((a|b)*)a)),5,1
((b*)(((a|b)*)b)),5,1
((b*)(((b|a)*)a)),5,1
((b*)(((b|a)*)b)),5,1
((b*)(((b|b)*)a)),18,2
((b*)(((b|b)*)b)),18,2
((b*)((a*)(a|a))),18,2
((b*)((a*)(a|b))),45,3
((b*)((a*)(b|a))),45,3
((b*)((a*)(b|b))),33,2
((b*)((b*)(a|a))),18,2
((b*)((b*)(a|b))),22,2
((b*)((b*)(b|a))),22,2
((b*)((b*)(b|b))),18,2
((b*)(a(a(a*)))),39,3
((b*)(a(a(b*)))),39,3
((b*)(a(b(a*)))),39,3
((b*)(a(b(b*)))),39,3
((b*)(a((a*)a))),39,3
((b*)(a((a*)b))),39,3
((b*)(a((b*)a))),39,3
((b*)(a((b*)b))),39,3
((b*)(b(a(a*)))),39,3
((b*)(b(a(b*)))),39,3
((b*)(b(b(a*)))),45,3
((b*)(b(b(b*)))),39,3
((b*)(b((a*)a))),39,3
((b*)(b((a*)b))),51,3
((b*)(b((b*)a))),39,3
((b*)(b((b*)b))),39,3
((b*)((a*)(aa))),39,3
((b*)((a*)(ab))),39,3
((b*)((a*)(ba))),68,3
((b*)((a*)(bb))),60,3
((b*)((b*)(aa))),39,3
((b*)((b*)(ab))),39,3
((b*)((b*)(ba))),39,3
((b*)((b*)(bb))),39,3
(((aa)*)(aa)),39,3
(((aa)*)(ab)),39,3
(((aa)*)(ba)),52,3
(((aa)*)(bb)),52,3
(((ab)*)(aa)),39,3
(((ab)*)(ab)),39,3
(((ab)*)(ba)),84,4
(((ab)*)(bb)),84,4
(((ba)*)(aa)),84,4
(((ba)*)(ab)),84,4
(((ba)*)(ba)),39,3
(((ba)*)(bb)),39,3
(((bb)*)(aa)),52,3
(((bb)*)(ab)),52,3
(((bb)*)(ba)),39,3
(((bb)*)(bb)),39,3
((a|(a|(a|(a|(a|a)))))*),5,1
((a|(a|(a|(a|(a|b)))))*),3,1
((a|(a|(a|(a|(b|a)))))*),3,1
((a|(a|(a|(a|(b|b)))))*),3,1
((a|(a|(a|(b|(a|a)))))*),3,1
((a|(a|(a|(b|(a|b)))))*),3,1
((a|(a|(a|(b|(b|a)))))*),3,1
((a|(a|(a|(b|(b|b)))))*),3,1
((a|(a|(b|(a|(a|a)))))*),3,1
((a|(a|(b|(a|(a|b)))))*),3,1
((a|(a|(b|(a|(b|a)))))*),3,1
((a|(a|(b|(a|(b|b)))))*),3,1
((a|(a|(b|(b|(a|a)))))*),3,1
((a|(a|(b|(b|(a|b)))))*),3,1
((a|(a|(b|(b|(b|a)))))*),3,1
((a|(a|(b|(b|(b|b)))))*),3,1
((a|(a|(a(a*))))*),5,1
((a|(a|(a(b*))))*),18,2
((a|(a|(b(a*))))*),3,1
((a|(a|(b(b*))))*),3,1
((a|(a|((a*)a)))*),5,1
((a|(a|((a*)b)))*),3,1
((a|(a|((b*)a)))*),5,1
((a|(a|((b*)b)))*),3,1
((a|(a|((a|a)*)))*),5,1
((a|(a|((a|b)*)))*),3,1
((a|(a|((b|a)*)))*),3,1
((a|(a|((b|b)*)))*),3,1
((a|(a|(a*)|(a*)))*),5,1
((a|(a|(a*)|(b*)))*),3,1
((a|(a|(b*)|(a*)))*),3,1
((a|(a|(b*)|(b*)))*),3,1
((a|(b|(a|(a|(a|a)))))*),3,1
((a|(b|(a|(a|(a|b)))))*),3,1
((a|(b|(a|(a|(b|a)))))*),3,1
((a|(b|(a|(a|(b|b)))))*),3,1
((a|(b|(a|(b|(a|a)))))*),3,1
((a|(b|(a|(b|(a|b)))))*),3,1
((a|(b|(a|(b|(b|a)))))*),3,1
((a|(b|(a|(b|(b|b)))))*),3,1
((a|(b|(b|(a|(a|a)))))*),3,1
((a|(b|(b|(a|(a|b)))))*),3,1
((a|(b|(b|(a|(b|a)))))*),3,1
((a|(b|(b|(a|(b|b)))))*),3,1
((a|(b|(b|(b|(a|a)))))*),3,1
((a|(b|(b|(b|(a|b)))))*),3,1
((a|(b|(b|(b|(b|a)))))*),3,1
((a|(b|(b|(b|(b|b)))))*),3,1
((a|(b|(a(a*))))*),3,1
((a|(b|(a(b*))))*),3,1
((a|(b|(b(a*))))*),3,1
((a|(b|(b(b*))))*),3,1
((a|(b|((a*)a)))*),3,1
((a|(b|((a*)b)))*),3,1
((a|(b|((b*)a)))*),3,1
((a|(b|((b*)b)))*),3,1
((a|(b|((a|a)*)))*),3,1
((a|(b|((a|b)*)))*),3,1
((a|(b|((b|a)*)))*),3,1
((a|(b|((b|b)*)))*),3,1
((a|(b|(a*)|(a*)))*),3,1
((a|(b|(a*)|(b*)))*),3,1
((a|(b|(b*)|(a*)))*),3,1
((a|(b|(b*)|(b*)))*),3,1
((a|((a|a)a))*),5,1
((a|((a|a)b))*),18,2
((a|((a|b)a))*),18,2
((a|((a|b)b))*),22,2
((a|((b|a)a))*),18,2
((a|((b|a)b))*),22,2
((a|((b|b)a))*),18,2
((a|((b|b)b))*),18,2
((a|(a(a|a)))*),5,1
((a|(a(a|b)))*),18,2
((a|(a(b|a)))*),18,2
((a|(a(b|b)))*),18,2
((a|(b(a|a)))*),18,2
((a|(b(a|b)))*),5,1
((a|(b(b|a)))*),5,1
((a|(b(b|b)))*),18,2
((a|(a(aa)))*),5,1
((a|(a(ab)))*),33,2
((a|(a(ba)))*),33,2
((a|(a(bb)))*),33,2
((a|(b(aa)))*),45,3
((a|(b(ab)))*),45,3
((a|(b(ba)))*),45,3
((a|(b(bb)))*),45,3
((a|((a|(a|a))*))*),5,1
((a|((a|(a|b))*))*),3,1
((a|((a|(b|a))*))*),3,1
((a|((a|(b|b))*))*),3,1
((a|((b|(a|a))*))*),3,1
((a|((b|(a|b))*))*),3,1
((a|((b|(b|a))*))*),3,1
((a|((b|(b|b))*))*),3,1
((a|(((a*)|(a*))*))*),5,1
((a|(((a*)|(b*))*))*),3,1
((a|(((b*)|(a*))*))*),3,1
((a|(((b*)|(b*))*))*),3,1
((a|((a(a*))*))*),5,1
((a|((a(b*))*))*),22,2
((a|((b(a*))*))*),3,1
((a|((b(b*))*))*),3,1
((a|(((a*)a)*))*),5,1
((a|(((a*)b)*))*),3,1
((a|(((b*)a)*))*),5,1
((a|(((b*)b)*))*),3,1
((b|(a|(a|(a|(a|a)))))*),3,1
((b|(a|(a|(a|(a|b)))))*),3,1
((b|(a|(a|(a|(b|a)))))*),3,1
((b|(a|(a|(a|(b|b)))))*),3,1
((b|(a|(a|(b|(a|a)))))*),3,1
((b|(a|(a|(b|(a|b)))))*),3,1
((b|(a|(a|(b|(b|a)))))*),3,1
((b|(a|(a|(b|(b|b)))))*),3,1
((b|(a|(b|(a|(a|a)))))*),3,1
((b|(a|(b|(a|(a|b)))))*),3,1
((b|(a|(b|(a|(b|a)))))*),3,1
((b|(a|(b|(a|(b|b)))))*),3,1
((b|(a|(b|(b|(a|a)))))*),3,1
((b|(a|(b|(b|(a|b)))))*),3,1
((b|(a|(b|(b|(b|a)))))*),3,1
((b|(a|(b|(b|(b|b)))))*),3,1
((b|(a|(a(a*))))*),3,1
((b|(a|(a(b*))))*),3,1
((b|(a|(b(a*))))*),3,1
((b|(a|(b(b*))))*),3,1
((b|(a|((a*)a)))*),3,1
((b|(a|((a*)b)))*),3,1
((b|(a|((b*)a)))*),3,1
((b|(a|((b*)b)))*),3,1
((b|(a|((a|a)*)))*),3,1
((b|(a|((a|b)*)))*),3,1
((b|(a|((b|a)*)))*),3,1
((b|(a|((b|b)*)))*),3,1
((b|(a|(a*)|(a*)))*),3,1
((b|(a|(a*)|(b*)))*),3,1
((b|(a|(b*)|(a*)))*),3,1
((b|(a|(b*)|(b*)))*),3,1
((b|(b|(a|(a|(a|a)))))*),3,1
((b|(b|(a|(a|(a|b)))))*),3,1
((b|(b|(a|(a|(b|a)))))*),3,1
((b|(b|(a|(a|(b|b)))))*),3,1
((b|(b|(a|(b|(a|a)))))*),3,1
((b|(b|(a|(b|(a|b)))))*),3,1
((b|(b|(a|(b|(b|a)))))*),3,1
((b|(b|(a|(b|(b|b)))))*),3,1
((b|(b|(b|(a|(a|a)))))*),3,1
((b|(b|(b|(a|(a|b)))))*),3,1
((b|(b|(b|(a|(b|a)))))*),3,1
((b|(b|(b|(a|(b|b)))))*),3,1
((b|(b|(b|(b|(a|a)))))*),3,1
((b|(b|(b|(b|(a|b)))))*),3,1
((b|(b|(b|(b|(b|a)))))*),3,1
((b|(b|(b|(b|(b|b)))))*),5,1
((b|(b|(a(a*))))*),3,1
((b|(b|(a(b*))))*),3,1
((b|(b|(b(a*))))*),18,2
((b|(b|(b(b*))))*),5,1
((b|(b|((a*)a)))*),3,1
((b|(b|((a*)b)))*),5,1
((b|(b|((b*)a)))*),3,1
((b|(b|((b*)b)))*),5,1
((b|(b|((a|a)*)))*),3,1
((b|(b|((a|b)*)))*),3,1
((b|(b|((b|a)*)))*),3,1
((b|(b|((b|b)*)))*),5,1
((b|(b|(a*)|(a*)))*),3,1
((b|(b|(a*)|(b*)))*),3,1
((b|(b|(b*)|(a*)))*),3,1
((b|(b|(b*)|(b*)))*),5,1
((b|((a|a)a))*),18,2
((b|((a|a)b))*),18,2
((b|((a|b)a))*),22,2
((b|((a|b)b))*),18,2
((b|((b|a)a))*),22,2
((b|((b|a)b))*),18,2
((b|((b|b)a))*),18,2
((b|((b|b)b))*),5,1
((b|(a(a|a)))*),18,2
((b|(a(a|b)))*),5,1
((b|(a(b|a)))*),5,1
((b|(a(b|b)))*),18,2
((b|(b(a|a)))*),18,2
((b|(b(a|b)))*),18,2
((b|(b(b|a)))*),18,2
((b|(b(b|b)))*),5,1
((b|(a(aa)))*),45,3
((b|(a(ab)))*),45,3
((b|(a(ba)))*),45,3
((b|(a(bb)))*),45,3
((b|(b(aa)))*),33,2
((b|(b(ab)))*),33,2
((b|(b(ba)))*),33,2
((b|(b(bb)))*),5,1
((b|((a|(a|a))*))*),3,1
((b|((a|(a|b))*))*),3,1
((b|((a|(b|a))*))*),3,1
((b|((a|(b|b))*))*),3,1
((b|((b|(a|a))*))*),3,1
((b|((b|(a|b))*))*),3,1
((b|((b|(b|a))*))*),3,1
((b|((b|(b|b))*))*),5,1
((b|(((a*)|(a*))*))*),3,1
((b|(((a*)|(b*))*))*),3,1
((b|(((b*)|(a*))*))*),3,1
((b|(((b*)|(b*))*))*),5,1
((b|((a(a*))*))*),3,1
((b|((a(b*))*))*),3,1
((b|((b(a*))*))*),18,2
((b|((b(b*))*))*),5,1
((b|(((a*)a)*))*),3,1
((b|(((a*)b)*))*),5,1
((b|(((b*)a)*))*),3,1
((b|(((b*)b)*))*),5,1
(((aa)|(aa))*),18,2
(((aa)|(ab))*),18,2
(((aa)|(ba))*),22,2
(((aa)|(bb))*),39,3
(((ab)|(aa))*),18,2
(((ab)|(ab))*),18,2
(((ab)|(ba))*),39,3
(((ab)|(bb))*),22,2
(((ba)|(aa))*),22,2
(((ba)|(ab))*),39,3
(((bb)|(aa))*),39,3
(((bb)|(ab))*),22,2
((((a*)(a*))|(a*))*),5,1
((((a*)(a*))|(b*))*),3,1
((((a*)(b*))|(a*))*),3,1
((((a*)(b*))|(b*))*),3,1
((((b*)(a*))|(a*))*),3,1
((((b*)(a*))|(b*))*),3,1
((((b*)(b*))|(a*))*),3,1
((((b*)(b*))|(b*))*),5,1
((((a|a)*)|((a|a)*))*),5,1
((((a|a)*)|((a|b)*))*),3,1
((((a|a)*)|((b|a)*))*),3,1
((((a|a)*)|((b|b)*))*),3,1
((((a|a)*)|(a*)|(a*))*),5,1
((((a|a)*)|(a*)|(b*))*),3,1
((((a|a)*)|(b*)|(a*))*),3,1
((((a|a)*)|(b*)|(b*))*),3,1
((((a|b)*)|((a|a)*))*),3,1
((((a|b)*)|((a|b)*))*),3,1
((((a|b)*)|((b|a)*))*),3,1
((((a|b)*)|((b|b)*))*),3,1
((((a|b)*)|(a*)|(a*))*),3,1
((((a|b)*)|(a*)|(b*))*),3,1
((((a|b)*)|(b*)|(a*))*),3,1
((((a|b)*)|(b*)|(b*))*),3,1
((((a|(a*))*)|(a*))*),5,1
((((a|(a*))*)|(b*))*),3,1
((((a|(b*))*)|(a*))*),3,1
((((a|(b*))*)|(b*))*),3,1
((((b|a)*)|((a|a)*))*),3,1
((((b|a)*)|((a|b)*))*),3,1
((((b|a)*)|((b|a)*))*),3,1
((((b|a)*)|((b|b)*))*),3,1
((((b|a)*)|(a*)|(a*))*),3,1
((((b|a)*)|(a*)|(b*))*),3,1
((((b|a)*)|(b*)|(a*))*),3,1
((((b|a)*)|(b*)|(b*))*),3,1
((((b|b)*)|((a|a)*))*),3,1
((((b|b)*)|((a|b)*))*),3,1
((((b|b)*)|((b|a)*))*),3,1
((((b|b)*)|((b|b)*))*),5,1
((((b|b)*)|(a*)|(a*))*),3,1
((((b|b)*)|(a*)|(b*))*),3,1
((((b|b)*)|(b*)|(a*))*),3,1
((((b|b)*)|(b*)|(b*))*),5,1
((((b|(a*))*)|(a*))*),3,1
((((b|(a*))*)|(b*))*),3,1
((((b|(b*))*)|(a*))*),3,1
((((b|(b*))*)|(b*))*),5,1
(((a*)|((a|(a*))*))*),5,1
(((a*)|((a|(b*))*))*),3,1
(((a*)|((b|(a*))*))*),3,1
(((a*)|((b|(b*))*))*),3,1
(((a*)|(((a*)(a*))*))*),5,1
(((a*)|(((a*)(b*))*))*),3,1
(((a*)|(((b*)(a*))*))*),3,1
(((a*)|(((b*)(b*))*))*),3,1
(((a*)|((a|a)*)|(a*))*),5,1
(((a*)|((a|a)*)|(b*))*),3,1
(((a*)|((a|b)*)|(a*))*),3,1
(((a*)|((a|b)*)|(b*))*),3,1
(((a*)|((b|a)*)|(a*))*),3,1
(((a*)|((b|a)*)|(b*))*),3,1
(((a*)|((b|b)*)|(a*))*),3,1
(((a*)|((b|b)*)|(b*))*),3,1
(((a*)|(a*)|((a|a)*))*),5,1
(((a*)|(a*)|((a|b)*))*),3,1
(((a*)|(a*)|((b|a)*))*),3,1
(((a*)|(a*)|((b|b)*))*),3,1
(((a*)|(a*)|(a*)|(a*))*),5,1
(((a*)|(a*)|(a*)|(b*))*),3,1
(((a*)|(a*)|(b*)|(a*))*),3,1
(((a*)|(a*)|(b*)|(b*))*),3,1
(((a*)|(b*)|((a|a)*))*),3,1
(((a*)|(b*)|((a|b)*))*),3,1
(((a*)|(b*)|((b|a)*))*),3,1
(((a*)|(b*)|((b|b)*))*),3,1
(((a*)|(b*)|(a*)|(a*))*),3,1
(((a*)|(b*)|(a*)|(b*))*),3,1
(((a*)|(b*)|(b*)|(a*))*),3,1
(((a*)|(b*)|(b*)|(b*))*),3,1
(((b*)|((a|(a*))*))*),3,1
(((b*)|((a|(b*))*))*),3,1
(((b*)|((b|(a*))*))*),3,1
(((b*)|((b|(b*))*))*),5,1
(((b*)|(((a*)(a*))*))*),3,1
(((b*)|(((a*)(b*))*))*),3,1
(((b*)|(((b*)(a*))*))*),3,1
(((b*)|(((b*)(b*))*))*),5,1
(((b*)|((a|a)*)|(a*))*),3,1
(((b*)|((a|a)*)|(b*))*),3,1
(((b*)|((a|b)*)|(a*))*),3,1
(((b*)|((a|b)*)|(b*))*),3,1
(((b*)|((b|a)*)|(a*))*),3,1
(((b*)|((b|a)*)|(b*))*),3,1
(((b*)|((b|b)*)|(a*))*),3,1
(((b*)|((b|b)*)|(b*))*),5,1
(((b*)|(a*)|((a|a)*))*),3,1
(((b*)|(a*)|((a|b)*))*),3,1
(((b*)|(a*)|((b|a)*))*),3,1
(((b*)|(a*)|((b|b)*))*),3,1
(((b*)|(a*)|(a*)|(a*))*),3,1
(((b*)|(a*)|(a*)|(b*))*),3,1
(((b*)|(a*)|(b*)|(a*))*),3,1
(((b*)|(a*)|(b*)|(b*))*),3,1
(((b*)|(b*)|((a|a)*))*),3,1
(((b*)|(b*)|((a|b)*))*),3,1
(((b*)|(b*)|((b|a)*))*),3,1
(((b*)|(b*)|((b|b)*))*),5,1
(((b*)|(b*)|(a*)|(a*))*),3,1
(((b*)|(b*)|(a*)|(b*))*),3,1
(((b*)|(b*)|(b*)|(a*))*),3,1
(((b*)|(b*)|(b*)|(b*))*),5,1
(((((a*)(a*))*)|(a*))*),5,1
(((((a*)(a*))*)|(b*))*),3,1
(((((a*)(b*))*)|(a*))*),3,1
(((((a*)(b*))*)|(b*))*),3,1
(((((b*)(a*))*)|(a*))*),3,1
(((((b*)(a*))*)|(b*))*),3,1
(((((b*)(b*))*)|(a*))*),3,1
(((((b*)(b*))*)|(b*))*),5,1
(((a|a)((a|a)*))*),5,1
(((a|a)((a|b)*))*),18,2
(((a|a)((b|a)*))*),18,2
(((a|a)((b|b)*))*),18,2
(((a|b)((a|a)*))*),3,1
(((a|b)((a|b)*))*),3,1
(((a|b)((b|a)*))*),3,1
(((a|b)((b|b)*))*),3,1
(((a|(a|(a|a)))a)*),18,2
(((a|(a|(a|a)))b)*),18,2
(((a|(a|(a|b)))a)*),22,2
(((a|(a|(a|b)))b)*),22,2
(((a|(a|(b|a)))a)*),22,2
(((a|(a|(b|a)))b)*),22,2
(((a|(a|(b|b)))a)*),22,2
(((a|(a|(b|b)))b)*),22,2
(((a|(b|(a|a)))a)*),22,2
(((a|(b|(a|a)))b)*),22,2
(((a|(b|(a|b)))a)*),22,2
(((a|(b|(a|b)))b)*),22,2
(((a|(b|(b|a)))a)*),22,2
(((a|(b|(b|a)))b)*),22,2
(((a|(b|(b|b)))a)*),22,2
(((a|(b|(b|b)))b)*),22,2
(((a|(a*))(a*))*),5,1
(((a|(a*))(b*))*),3,1
(((a|(b*))(a*))*),3,1
(((a|(b*))(b*))*),3,1
(((b|a)((a|a)*))*),3,1
(((b|a)((a|b)*))*),3,1
(((b|a)((b|a)*))*),3,1
(((b|a)((b|b)*))*),3,1
(((b|b)((a|a)*))*),18,2
(((b|b)((a|b)*))*),18,2
(((b|b)((b|a)*))*),18,2
(((b|b)((b|b)*))*),5,1
(((b|(a|(a|a)))a)*),22,2
(((b|(a|(a|a)))b)*),22,2
(((b|(a|(a|b)))a)*),22,2
(((b|(a|(a|b)))b)*),22,2
(((b|(a|(b|a)))a)*),22,2
(((b|(a|(b|a)))b)*),22,2
(((b|(a|(b|b)))a)*),22,2
(((b|(a|(b|b)))b)*),22,2
(((b|(b|(a|a)))a)*),22,2
(((b|(b|(a|a)))b)*),22,2
(((b|(b|(a|b)))a)*),22,2
(((b|(b|(a|b)))b)*),22,2
(((b|(b|(b|a)))a)*),22,2
(((b|(b|(b|a)))b)*),22,2
(((b|(a*))(a*))*),3,1
(((b|(a*))(b*))*),3,1
(((b|(b*))(a*))*),3,1
(((b|(b*))(b*))*),5,1
((a(a|(a|(a|a))))*),18,2
((a(a|(a|(a|b))))*),18,2
((a(a|(a|(b|a))))*),18,2
((a(a|(a|(b|b))))*),18,2
((a(a|(b|(a|a))))*),18,2
((a(a|(b|(a|b))))*),18,2
((a(a|(b|(b|a))))*),18,2
((a(a|(b|(b|b))))*),18,2
((a(b|(a|(a|a))))*),18,2
((a(b|(a|(a|b))))*),18,2
((a(b|(a|(b|a))))*),18,2
((a(b|(a|(b|b))))*),18,2
((a(b|(b|(a|a))))*),18,2
((a(b|(b|(a|b))))*),18,2
((a(b|(b|(b|a))))*),18,2
((a(b|(b|(b|b))))*),18,2
((a((a|(a*))*))*),5,1
((((a|a)*)(a|a))*),5,1
((((a|a)*)(a|b))*),3,1
((((a|a)*)(b|a))*),3,1
((((a|a)*)(b|b))*),5,1
((((a|b)*)(a|a))*),5,1
((((a|b)*)(a|b))*),3,1
((((a|b)*)(b|a))*),3,1
((((a|b)*)(b|b))*),5,1
((((a|(a|a))*)(a*))*),5,1
((((a|(a|a))*)(b*))*),3,1
((((a|(a|b))*)(a*))*),3,1
((((a|(a|b))*)(b*))*),3,1
((((a|(b|a))*)(a*))*),3,1
((((a|(b|a))*)(b*))*),3,1
((((a|(b|b))*)(a*))*),3,1
((((a|(b|b))*)(b*))*),3,1
((((b|a)*)(a|a))*),5,1
((((b|a)*)(a|b))*),3,1
((((b|a)*)(b|a))*),3,1
((((b|a)*)(b|b))*),5,1
((((b|b)*)(a|a))*),5,1
((((b|b)*)(a|b))*),3,1
((((b|b)*)(b|a))*),3,1
((((b|b)*)(b|b))*),5,1
((((b|(a|a))*)(a*))*),3,1
((((b|(a|a))*)(b*))*),3,1
((((b|(a|b))*)(a*))*),3,1
((((b|(a|b))*)(b*))*),3,1
((((b|(b|a))*)(a*))*),3,1
((((b|(b|a))*)(b*))*),3,1
((((b|(b|b))*)(a*))*),3,1
((((b|(b|b))*)(b*))*),5,1
(((((a*)|(a*))*)(a*))*),5,1
(((((a*)|(a*))*)(b*))*),3,1
(((((a*)|(b*))*)(a*))*),3,1
(((((a*)|(b*))*)(b*))*),3,1
(((((b*)|(a*))*)(a*))*),3,1
(((((b*)|(a*))*)(b*))*),3,1
(((((b*)|(b*))*)(a*))*),3,1
(((((b*)|(b*))*)(b*))*),5,1
(((a*)(a|(a*)))*),5,1
(((a*)(a|(b*)))*),3,1
(((a*)(b|(a*)))*),3,1
(((a*)(b|(b*)))*),3,1
(((a*)((a|(a|a))*))*),5,1
(((a*)((a|(a|b))*))*),3,1
(((a*)((a|(b|a))*))*),3,1
(((a*)((a|(b|b))*))*),3,1
(((a*)((b|(a|a))*))*),3,1
(((a*)((b|(a|b))*))*),3,1
(((a*)((b|(b|a))*))*),3,1
(((a*)((b|(b|b))*))*),3,1
(((a*)(((a*)|(a*))*))*),5,1
(((a*)(((a*)|(b*))*))*),3,1
(((a*)(((b*)|(a*))*))*),3,1
(((a*)(((b*)|(b*))*))*),3,1
(((a*)((a(a*))*))*),5,1
(((a*)((a(b*))*))*),18,2
(((a*)((b(a*))*))*),3,1
(((a*)((b(b*))*))*),3,1
(((a*)(((a*)a)*))*),5,1
(((a*)(((a*)b)*))*),3,1
(((a*)(((b*)a)*))*),5,1
(((a*)(((b*)b)*))*),3,1
(((b*)(a|(a*)))*),3,1
(((b*)(a|(b*)))*),3,1
(((b*)(b|(a*)))*),3,1
(((b*)(b|(b*)))*),5,1
(((b*)((a|(a|a))*))*),3,1
(((b*)((a|(a|b))*))*),3,1
(((b*)((a|(b|a))*))*),3,1
(((b*)((a|(b|b))*))*),3,1
(((b*)((b|(a|a))*))*),3,1
(((b*)((b|(a|b))*))*),3,1
(((b*)((b|(b|a))*))*),3,1
(((b*)((b|(b|b))*))*),5,1
(((b*)(((a*)|(a*))*))*),3,1
(((b*)(((a*)|(b*))*))*),3,1
(((b*)(((b*)|(a*))*))*),3,1
(((b*)(((b*)|(b*))*))*),5,1
(((b*)((a(a*))*))*),3,1
(((b*)((a(b*))*))*),3,1
(((b*)((b(a*))*))*),18,2
(((b*)((b(b*))*))*),5,1
(((b*)(((a*)a)*))*),3,1
(((b*)(((a*)b)*))*),5,1
(((b*)(((b*)a)*))*),3,1
(((b*)(((b*)b)*))*),5,1
((((a(a*))*)(a*))*),5,1
((((a(a*))*)(b*))*),3,1
((((a(b*))*)(a*))*),30,2
((((a(b*))*)(b*))*),3,1
((((b(a*))*)(a*))*),3,1
((((b(a*))*)(b*))*),26,2
((((b(b*))*)(a*))*),3,1
((((b(b*))*)(b*))*),5,1
(((((a*)a)*)(a*))*),5,1
(((((a*)a)*)(b*))*),3,1
(((((a*)b)*)(a*))*),3,1
(((((a*)b)*)(b*))*),5,1
(((((b*)a)*)(a*))*),5,1
(((((b*)a)*)(b*))*),3,1
(((((b*)b)*)(a*))*),3,1
(((((b*)b)*)(b*))*),5,1
(((a|a)(a(a*)))*),22,2
(((a|a)(a(b*)))*),39,3
(((a|a)(b(a*)))*),39,3
(((a|a)(b(b*)))*),22,2
(((a|a)((a*)a))*),22,2
(((a|a)((a*)b))*),18,2
(((a|a)((b*)a))*),18,2
(((a|a)((b*)b))*),22,2
(((a|b)(a(a*)))*),22,2
(((a|b)(a(b*)))*),39,2
